1,PAL DEPOT,21.18460797,72.7903654,1,UDHNA DARWAZA,21.182516,72.831382,6.251
1,PAL DEPOT,21.18460797,72.7903654,2,SACHIN G.I.D.C.,21.103452,72.865027,15.09
1,PAL DEPOT,21.18460797,72.7903654,3,SARTHANA NATURE PARK BRT,21.229727,72.899562,16.255
1,PAL DEPOT,21.18460797,72.7903654,4,KHARWAR NAGAR,21.177901,72.834178,7.516
1,PAL DEPOT,21.18460797,72.7903654,5,ONGC COLONY,21.13884,72.751748,8.308
1,PAL DEPOT,21.18460797,72.7903654,6,SANJEEVKUMAR AUDITORIUM,21.183125,72.786039,2.518
1,PAL DEPOT,21.18460797,72.7903654,7,JAHANGIRPURA COMMUNITY HALL,21.228113,72.790158,5.982
1,PAL DEPOT,21.18460797,72.7903654,8,KADODARA,21.17316,72.958438,19.706
1,PAL DEPOT,21.18460797,72.7903654,9,AMAZIA AMUSEMENT PARK BRT,21.192617,72.86656,10.572
1,PAL DEPOT,21.18460797,72.7903654,10,KOSAD EWS H2,21.255512,72.85406,11.826
1,PAL DEPOT,21.18460797,72.7903654,11,ALTHAN DEPOT/TERMINAL,21.148815,72.808763,5.946
1,PAL DEPOT,21.18460797,72.7903654,12,PANDESARA G.I.D.C.,21.144149,72.847995,10.604
1,PAL DEPOT,21.18460797,72.7903654,13,PARVAT GAM,21.180797,72.866743,10.931
1,PAL DEPOT,21.18460797,72.7903654,14,KOSAD DEPOT TERMINAL,21.257428,72.8476,11.426
1,PAL DEPOT,21.18460797,72.7903654,15,KAMREJ TERMINAL,21.268535,72.956475,21.137
1,PAL DEPOT,21.18460797,72.7903654,16,RAILWAY STATION TER,21.204733,72.840269,9.001
1,PAL DEPOT,21.18460797,72.7903654,17,PAL R.T.O.,21.182332,72.78094,1.753
1,PAL DEPOT,21.18460797,72.7903654,18,SACHIN RAILWAY STATION,21.078932,72.874206,19.658
1,PAL DEPOT,21.18460797,72.7903654,19,UTRAN-R.O.B BRIDGE,21.233142,72.863284,11.013
1,PAL DEPOT,21.18460797,72.7903654,20,ADAJAN GSRTC,21.198617,72.808339,2.619
1,PAL DEPOT,21.18460797,72.7903654,21,MOTI VED,21.247717,72.813321,10.553
1,PAL DEPOT,21.18460797,72.7903654,22,LAMBE HANUMAN TEMPLE,21.204553,72.843553,9.531
1,PAL DEPOT,21.18460797,72.7903654,23,KATHOR GAAM,21.289928,72.937562,24.13
1,PAL DEPOT,21.18460797,72.7903654,24,HARIDARSHAN RESIDENCY,21.325451,72.903202,24.465
1,PAL DEPOT,21.18460797,72.7903654,25,RAMVATIKA SOCIETY,21.31169,72.908634,24.021
1,PAL DEPOT,21.18460797,72.7903654,26,VRUKSHLAXMI SOCIETY,21.142013,72.882566,12.738
1,PAL DEPOT,21.18460797,72.7903654,27,CHIKU WADI,21.151202,72.837255,10.25
1,PAL DEPOT,21.18460797,72.7903654,28,ABHVA GAAM,21.116789,72.770046,11.635
1,PAL DEPOT,21.18460797,72.7903654,29,ISKCON CIRCLE,21.237125,72.789451,7.432
1,PAL DEPOT,21.18460797,72.7903654,30,EKTA NAGAR,21.204323,72.782368,2.847
1,PAL DEPOT,21.18460797,72.7903654,31,VIVEKANAND COLLEGE,21.248605,72.784978,8.358
1,PAL DEPOT,21.18460797,72.7903654,32,KOSAD GAM,21.254171,72.862777,12.264
1,PAL DEPOT,21.18460797,72.7903654,33,BHARTHANA,21.152835,72.797525,4.655
1,PAL DEPOT,21.18460797,72.7903654,34,KHAJOD GAM (VIA BHIMRAD GAAM),21.117303,72.790012,8.994
1,PAL DEPOT,21.18460797,72.7903654,35,KHAJOD GAM,21.117303,72.790012,8.994
1,PAL DEPOT,21.18460797,72.7903654,36,PALANPUR DEPOT TERMINAL,21.20493,72.775115,3.411
1,PAL DEPOT,21.18460797,72.7903654,37,AMROLI CROSS ROAD,21.241503,72.851484,9.683
1,PAL DEPOT,21.18460797,72.7903654,38,KOSAD FIRE STATION,21.247589,72.851312,10.268
1,PAL DEPOT,21.18460797,72.7903654,39,SAYAN RAILWAY STATION,21.316645,72.889057,21.381
1,PAL DEPOT,21.18460797,72.7903654,40,SOMESHWAR JUNCTION,21.153743,72.779742,5.357
1,PAL DEPOT,21.18460797,72.7903654,41,RANDER GAAM,21.218675,72.795963,5.162
1,PAL DEPOT,21.18460797,72.7903654,42,SURAT AIRPORT,21.123688,72.738732,10.247
1,PAL DEPOT,21.18460797,72.7903654,43,KAVI SHREE AMRUT GHAYAL SCHOOL VARIAV,21.260465,72.820787,12.769
1,PAL DEPOT,21.18460797,72.7903654,44,GREEN CITY BHATHA,21.188631,72.765808,4.054
1,PAL DEPOT,21.18460797,72.7903654,45,UMRA HEALTH CENTRE,21.171952,72.779688,3.074
1,PAL DEPOT,21.18460797,72.7903654,46,KAPODARA,21.219189,72.875916,11.289
1,PAL DEPOT,21.18460797,72.7903654,47,MAKKAIPOOL TERMINAL,21.192449,72.81622,3.686
1,PAL DEPOT,21.18460797,72.7903654,48,SMC NORTH ZONE,21.231699,72.838223,7.923
1,PAL DEPOT,21.18460797,72.7903654,49,RAJ EMPIRE GODADARA,21.174978,72.872079,12.01
1,PAL DEPOT,21.18460797,72.7903654,50,CHOWK,21.193478,72.817846,4.217
1,PAL DEPOT,21.18460797,72.7903654,51,GABHENI GAAM,21.086595,72.828711,18.19
1,PAL DEPOT,21.18460797,72.7903654,52,LAJPORE JAIL,21.073492,72.889242,19.574
1,PAL DEPOT,21.18460797,72.7903654,53,UNN INDUSTRIAL ESTATE,21.115826,72.859686,13.605
1,PAL DEPOT,21.18460797,72.7903654,54,DUMAS LANGAR,21.084347,72.719351,15.108
1,PAL DEPOT,21.18460797,72.7903654,55,VAISHNODEVI SKY D,21.241879,72.773521,8.573
1,PAL DEPOT,21.18460797,72.7903654,56,DR S.P MUKHER BRID,21.233518,72.804304,8.316
1,PAL DEPOT,21.18460797,72.7903654,57,variav gaam,21.259901,72.817796,12.236
1,PAL DEPOT,21.18460797,72.7903654,58,PURUSHOTTAM NAGAR ,21.233469,72.905706,16.922
1,PAL DEPOT,21.18460797,72.7903654,59,BHIMPORE,21.080944,72.723869,15.728
1,PAL DEPOT,21.18460797,72.7903654,60,BHESAN GAAM,21.215558,72.754277,8.136
1,PAL DEPOT,21.18460797,72.7903654,61,MAKKAI POOL U,21.192293,72.815777,4.078
1,PAL DEPOT,21.18460797,72.7903654,62,SARVODAY VIDHYALAY SEGVACHHAMA,21.220116,72.739943,9.845
1,PAL DEPOT,21.18460797,72.7903654,63,V.N.S.G. UNIVERSITY,21.155067,72.783131,5.407
1,PAL DEPOT,21.18460797,72.7903654,64,SUMAN DARSHAN,21.223193,72.808139,8.393
1,PAL DEPOT,21.18460797,72.7903654,65,MANGAL PANDEY HALL GODADARA,21.166307,72.870658,12.516
1,PAL DEPOT,21.18460797,72.7903654,66,DABHOLI GAAM APPROACH,21.236603,72.807822,8.428
1,PAL DEPOT,21.18460797,72.7903654,67,KHARWARNAGAR BRT,21.177901,72.834178,7.516
1,PAL DEPOT,21.18460797,72.7903654,68,BHESTAN GARDEN TERMINAL,21.125847,72.85233,12.614
1,PAL DEPOT,21.18460797,72.7903654,69,VINDESHWAR MAHADEV TEMPLE,21.137532,72.817753,8.019
1,PAL DEPOT,21.18460797,72.7903654,70,UTRAN RAILWAY STATION,21.232961,72.853939,10.057
1,PAL DEPOT,21.18460797,72.7903654,71,MAGOB GAM,21.19016,72.868282,10.038
1,PAL DEPOT,21.18460797,72.7903654,72,SMC WARD OFFICE LIMBAYAT,21.165783,72.857522,9.422
1,PAL DEPOT,21.18460797,72.7903654,73,ROYAL TOWNSHIP,21.246464,72.909711,16.201
1,PAL DEPOT,21.18460797,72.7903654,74,UTRAN LAKE GARDEN,21.23088,72.85648,10.964
1,PAL DEPOT,21.18460797,72.7903654,75,AMEZIA AMUZEMENT PARK,21.192617,72.86656,10.572
1,PAL DEPOT,21.18460797,72.7903654,76,BAMROLI,21.1389,72.8262,10.129
1,PAL DEPOT,21.18460797,72.7903654,77,BUDIYA GAAM U,21.101126,72.819533,14.154
1,PAL DEPOT,21.18460797,72.7903654,78,BUDIYA GAAM D,21.112388,72.829215,12.807
1,PAL DEPOT,21.18460797,72.7903654,79,BUDIYA GAAM CHOKDI,21.112388,72.829215,12.807
1,PAL DEPOT,21.18460797,72.7903654,80,SUNRISE VIDYALAY DINDOLI,21.158775,72.878728,12.528
1,PAL DEPOT,21.18460797,72.7903654,81,VESU GAAM,21.142237,72.777551,7.926
1,PAL DEPOT,21.18460797,72.7903654,82,ADAJAN G.S.R.T.C.,21.198617,72.808339,2.619
1,PAL DEPOT,21.18460797,72.7903654,83,PAL PATIYA,21.183238,72.779908,1.78
1,PAL DEPOT,21.18460797,72.7903654,84,MORA CHAR RASTA,21.178537,72.659226,17.854
1,PAL DEPOT,21.18460797,72.7903654,85,SAI PUJAN RESIDENCY,21.242961,72.784667,8.287
1,PAL DEPOT,21.18460797,72.7903654,86,GAIL INDIA LTD VIP ROAD D,21.136884,72.758699,8.697
1,PAL DEPOT,21.18460797,72.7903654,87,SHREE GYANJYOT VIDHYALAY,21.236575,72.938701,17.85
1,PAL DEPOT,21.18460797,72.7903654,88,SATYAM RESIDENCY PUNA GAAM,21.214186,72.881542,13.31
2,KOSAD DEPOT,21.24719502,72.8535517,1,UDHNA DARWAZA,21.182516,72.831382,10.879
2,KOSAD DEPOT,21.24719502,72.8535517,2,SACHIN G.I.D.C.,21.103452,72.865027,19.66
2,KOSAD DEPOT,21.24719502,72.8535517,3,SARTHANA NATURE PARK BRT,21.229727,72.899562,8.047
2,KOSAD DEPOT,21.24719502,72.8535517,4,KHARWAR NAGAR,21.177901,72.834178,12.086
2,KOSAD DEPOT,21.24719502,72.8535517,5,ONGC COLONY,21.13884,72.751748,18.441
2,KOSAD DEPOT,21.24719502,72.8535517,6,SANJEEVKUMAR AUDITORIUM,21.183125,72.786039,10.958
2,KOSAD DEPOT,21.24719502,72.8535517,7,JAHANGIRPURA COMMUNITY HALL,21.228113,72.790158,8.441
2,KOSAD DEPOT,21.24719502,72.8535517,8,KADODARA,21.17316,72.958438,20.39
2,KOSAD DEPOT,21.24719502,72.8535517,9,AMAZIA AMUSEMENT PARK BRT,21.192617,72.86656,11.256
2,KOSAD DEPOT,21.24719502,72.8535517,10,KOSAD EWS H2,21.255512,72.85406,1.902
2,KOSAD DEPOT,21.24719502,72.8535517,11,ALTHAN DEPOT/TERMINAL,21.148815,72.808763,15.212
2,KOSAD DEPOT,21.24719502,72.8535517,12,PANDESARA G.I.D.C.,21.144149,72.847995,15.174
2,KOSAD DEPOT,21.24719502,72.8535517,13,PARVAT GAM,21.180797,72.866743,11.616
2,KOSAD DEPOT,21.24719502,72.8535517,14,KOSAD DEPOT TERMINAL,21.257428,72.8476,1.503
2,KOSAD DEPOT,21.24719502,72.8535517,15,KAMREJ TERMINAL,21.268535,72.956475,15.001
2,KOSAD DEPOT,21.24719502,72.8535517,16,RAILWAY STATION TER,21.204733,72.840269,7.097
2,KOSAD DEPOT,21.24719502,72.8535517,17,PAL R.T.O.,21.182332,72.78094,11.687
2,KOSAD DEPOT,21.24719502,72.8535517,18,SACHIN RAILWAY STATION,21.078932,72.874206,24.228
2,KOSAD DEPOT,21.24719502,72.8535517,19,UTRAN-R.O.B BRIDGE,21.233142,72.863284,2.883
2,KOSAD DEPOT,21.24719502,72.8535517,20,ADAJAN GSRTC,21.198617,72.808339,8.107
2,KOSAD DEPOT,21.24719502,72.8535517,21,MOTI VED,21.247717,72.813321,6.592
2,KOSAD DEPOT,21.24719502,72.8535517,22,LAMBE HANUMAN TEMPLE,21.204553,72.843553,7.628
2,KOSAD DEPOT,21.24719502,72.8535517,23,KATHOR GAAM,21.289928,72.937562,14.207
2,KOSAD DEPOT,21.24719502,72.8535517,24,HARIDARSHAN RESIDENCY,21.325451,72.903202,14.541
2,KOSAD DEPOT,21.24719502,72.8535517,25,RAMVATIKA SOCIETY,21.31169,72.908634,14.098
2,KOSAD DEPOT,21.24719502,72.8535517,26,VRUKSHLAXMI SOCIETY,21.142013,72.882566,17.308
2,KOSAD DEPOT,21.24719502,72.8535517,27,CHIKU WADI,21.151202,72.837255,14.82
2,KOSAD DEPOT,21.24719502,72.8535517,28,ABHVA GAAM,21.116789,72.770046,21.965
2,KOSAD DEPOT,21.24719502,72.8535517,29,ISKCON CIRCLE,21.237125,72.789451,10.357
2,KOSAD DEPOT,21.24719502,72.8535517,30,EKTA NAGAR,21.204323,72.782368,11.974
2,KOSAD DEPOT,21.24719502,72.8535517,31,VIVEKANAND COLLEGE,21.248605,72.784978,10.038
2,KOSAD DEPOT,21.24719502,72.8535517,32,KOSAD GAM,21.254171,72.862777,1.896
2,KOSAD DEPOT,21.24719502,72.8535517,33,BHARTHANA,21.152835,72.797525,15.839
2,KOSAD DEPOT,21.24719502,72.8535517,34,KHAJOD GAM (VIA BHIMRAD GAAM),21.117303,72.790012,19.324
2,KOSAD DEPOT,21.24719502,72.8535517,35,KHAJOD GAM,21.117303,72.790012,19.324
2,KOSAD DEPOT,21.24719502,72.8535517,36,PALANPUR DEPOT TERMINAL,21.20493,72.775115,12.55
2,KOSAD DEPOT,21.24719502,72.8535517,37,AMROLI CROSS ROAD,21.241503,72.851484,0.861
2,KOSAD DEPOT,21.24719502,72.8535517,38,KOSAD FIRE STATION,21.247589,72.851312,0.329
2,KOSAD DEPOT,21.24719502,72.8535517,39,SAYAN RAILWAY STATION,21.316645,72.889057,11.458
2,KOSAD DEPOT,21.24719502,72.8535517,40,SOMESHWAR JUNCTION,21.153743,72.779742,16.778
2,KOSAD DEPOT,21.24719502,72.8535517,41,RANDER GAAM,21.218675,72.795963,9.89
2,KOSAD DEPOT,21.24719502,72.8535517,42,SURAT AIRPORT,21.123688,72.738732,20.38
2,KOSAD DEPOT,21.24719502,72.8535517,43,KAVI SHREE AMRUT GHAYAL SCHOOL VARIAV,21.260465,72.820787,5.609
2,KOSAD DEPOT,21.24719502,72.8535517,44,GREEN CITY BHATHA,21.188631,72.765808,13.988
2,KOSAD DEPOT,21.24719502,72.8535517,45,UMRA HEALTH CENTRE,21.171952,72.779688,13.008
2,KOSAD DEPOT,21.24719502,72.8535517,46,KAPODARA,21.219189,72.875916,6.121
2,KOSAD DEPOT,21.24719502,72.8535517,47,MAKKAIPOOL TERMINAL,21.192449,72.81622,8.907
2,KOSAD DEPOT,21.24719502,72.8535517,48,SMC NORTH ZONE,21.231699,72.838223,2.736
2,KOSAD DEPOT,21.24719502,72.8535517,49,RAJ EMPIRE GODADARA,21.174978,72.872079,12.694
2,KOSAD DEPOT,21.24719502,72.8535517,50,CHOWK,21.193478,72.817846,8.581
2,KOSAD DEPOT,21.24719502,72.8535517,51,GABHENI GAAM,21.086595,72.828711,23.149
2,KOSAD DEPOT,21.24719502,72.8535517,52,LAJPORE JAIL,21.073492,72.889242,24.144
2,KOSAD DEPOT,21.24719502,72.8535517,53,UNN INDUSTRIAL ESTATE,21.115826,72.859686,18.175
2,KOSAD DEPOT,21.24719502,72.8535517,54,DUMAS LANGAR,21.084347,72.719351,25.241
2,KOSAD DEPOT,21.24719502,72.8535517,55,VAISHNODEVI SKY D,21.241879,72.773521,11.021
2,KOSAD DEPOT,21.24719502,72.8535517,56,DR S.P MUKHER BRID,21.233518,72.804304,6.464
2,KOSAD DEPOT,21.24719502,72.8535517,57,variav gaam,21.259901,72.817796,5.986
2,KOSAD DEPOT,21.24719502,72.8535517,58,PURUSHOTTAM NAGAR ,21.233469,72.905706,8.675
2,KOSAD DEPOT,21.24719502,72.8535517,59,BHIMPORE,21.080944,72.723869,25.861
2,KOSAD DEPOT,21.24719502,72.8535517,60,BHESAN GAAM,21.215558,72.754277,13.224
2,KOSAD DEPOT,21.24719502,72.8535517,61,MAKKAI POOL U,21.192293,72.815777,9.85
2,KOSAD DEPOT,21.24719502,72.8535517,62,SARVODAY VIDHYALAY SEGVACHHAMA,21.220116,72.739943,14.933
2,KOSAD DEPOT,21.24719502,72.8535517,63,V.N.S.G. UNIVERSITY,21.155067,72.783131,16.591
2,KOSAD DEPOT,21.24719502,72.8535517,64,SUMAN DARSHAN,21.223193,72.808139,7.047
2,KOSAD DEPOT,21.24719502,72.8535517,65,MANGAL PANDEY HALL GODADARA,21.166307,72.870658,13.706
2,KOSAD DEPOT,21.24719502,72.8535517,66,DABHOLI GAAM APPROACH,21.236603,72.807822,6.602
2,KOSAD DEPOT,21.24719502,72.8535517,67,KHARWARNAGAR BRT,21.177901,72.834178,12.086
2,KOSAD DEPOT,21.24719502,72.8535517,68,BHESTAN GARDEN TERMINAL,21.125847,72.85233,17.183
2,KOSAD DEPOT,21.24719502,72.8535517,69,VINDESHWAR MAHADEV TEMPLE,21.137532,72.817753,18.17
2,KOSAD DEPOT,21.24719502,72.8535517,70,UTRAN RAILWAY STATION,21.232961,72.853939,2.335
2,KOSAD DEPOT,21.24719502,72.8535517,71,MAGOB GAM,21.19016,72.868282,10.722
2,KOSAD DEPOT,21.24719502,72.8535517,72,SMC WARD OFFICE LIMBAYAT,21.165783,72.857522,13.992
2,KOSAD DEPOT,21.24719502,72.8535517,73,ROYAL TOWNSHIP,21.246464,72.909711,9.961
2,KOSAD DEPOT,21.24719502,72.8535517,74,UTRAN LAKE GARDEN,21.23088,72.85648,2.524
2,KOSAD DEPOT,21.24719502,72.8535517,75,AMEZIA AMUZEMENT PARK,21.192617,72.86656,11.256
2,KOSAD DEPOT,21.24719502,72.8535517,76,BAMROLI,21.1389,72.8262,18.086
2,KOSAD DEPOT,21.24719502,72.8535517,77,BUDIYA GAAM U,21.101126,72.819533,21.969
2,KOSAD DEPOT,21.24719502,72.8535517,78,BUDIYA GAAM D,21.112388,72.829215,20.623
2,KOSAD DEPOT,21.24719502,72.8535517,79,BUDIYA GAAM CHOKDI,21.112388,72.829215,20.623
2,KOSAD DEPOT,21.24719502,72.8535517,80,SUNRISE VIDYALAY DINDOLI,21.158775,72.878728,17.098
2,KOSAD DEPOT,21.24719502,72.8535517,81,VESU GAAM,21.142237,72.777551,18.634
2,KOSAD DEPOT,21.24719502,72.8535517,82,ADAJAN G.S.R.T.C.,21.198617,72.808339,8.107
2,KOSAD DEPOT,21.24719502,72.8535517,83,PAL PATIYA,21.183238,72.779908,11.714
2,KOSAD DEPOT,21.24719502,72.8535517,84,MORA CHAR RASTA,21.178537,72.659226,27.788
2,KOSAD DEPOT,21.24719502,72.8535517,85,SAI PUJAN RESIDENCY,21.242961,72.784667,10.61
2,KOSAD DEPOT,21.24719502,72.8535517,86,GAIL INDIA LTD VIP ROAD D,21.136884,72.758699,18.83
2,KOSAD DEPOT,21.24719502,72.8535517,87,SHREE GYANJYOT VIDHYALAY,21.236575,72.938701,12.203
2,KOSAD DEPOT,21.24719502,72.8535517,88,SATYAM RESIDENCY PUNA GAAM,21.214186,72.881542,7.259
3,LP SAWANI DEPOT,21.20103798,72.77570871,1,UDHNA DARWAZA,21.182516,72.831382,8.628
3,LP SAWANI DEPOT,21.20103798,72.77570871,2,SACHIN G.I.D.C.,21.103452,72.865027,17.467
3,LP SAWANI DEPOT,21.20103798,72.77570871,3,SARTHANA NATURE PARK BRT,21.229727,72.899562,15.244
3,LP SAWANI DEPOT,21.20103798,72.77570871,4,KHARWAR NAGAR,21.177901,72.834178,9.894
3,LP SAWANI DEPOT,21.20103798,72.77570871,5,ONGC COLONY,21.13884,72.751748,9.325
3,LP SAWANI DEPOT,21.20103798,72.77570871,6,SANJEEVKUMAR AUDITORIUM,21.183125,72.786039,3.265
3,LP SAWANI DEPOT,21.20103798,72.77570871,7,JAHANGIRPURA COMMUNITY HALL,21.228113,72.790158,4.638
3,LP SAWANI DEPOT,21.20103798,72.77570871,8,KADODARA,21.17316,72.958438,22.083
3,LP SAWANI DEPOT,21.20103798,72.77570871,9,AMAZIA AMUSEMENT PARK BRT,21.192617,72.86656,12.949
3,LP SAWANI DEPOT,21.20103798,72.77570871,10,KOSAD EWS H2,21.255512,72.85406,13.369
3,LP SAWANI DEPOT,21.20103798,72.77570871,11,ALTHAN DEPOT/TERMINAL,21.148815,72.808763,8.323
3,LP SAWANI DEPOT,21.20103798,72.77570871,12,PANDESARA G.I.D.C.,21.144149,72.847995,12.982
3,LP SAWANI DEPOT,21.20103798,72.77570871,13,PARVAT GAM,21.180797,72.866743,13.309
3,LP SAWANI DEPOT,21.20103798,72.77570871,14,KOSAD DEPOT TERMINAL,21.257428,72.8476,12.97
3,LP SAWANI DEPOT,21.20103798,72.77570871,15,KAMREJ TERMINAL,21.268535,72.956475,22.681
3,LP SAWANI DEPOT,21.20103798,72.77570871,16,RAILWAY STATION TER,21.204733,72.840269,8.567
3,LP SAWANI DEPOT,21.20103798,72.77570871,17,PAL R.T.O.,21.182332,72.78094,2.5
3,LP SAWANI DEPOT,21.20103798,72.77570871,18,SACHIN RAILWAY STATION,21.078932,72.874206,22.036
3,LP SAWANI DEPOT,21.20103798,72.77570871,19,UTRAN-R.O.B BRIDGE,21.233142,72.863284,12.557
3,LP SAWANI DEPOT,21.20103798,72.77570871,20,ADAJAN GSRTC,21.198617,72.808339,4.163
3,LP SAWANI DEPOT,21.20103798,72.77570871,21,MOTI VED,21.247717,72.813321,8.598
3,LP SAWANI DEPOT,21.20103798,72.77570871,22,LAMBE HANUMAN TEMPLE,21.204553,72.843553,9.098
3,LP SAWANI DEPOT,21.20103798,72.77570871,23,KATHOR GAAM,21.289928,72.937562,25.674
3,LP SAWANI DEPOT,21.20103798,72.77570871,24,HARIDARSHAN RESIDENCY,21.325451,72.903202,26.008
3,LP SAWANI DEPOT,21.20103798,72.77570871,25,RAMVATIKA SOCIETY,21.31169,72.908634,25.565
3,LP SAWANI DEPOT,21.20103798,72.77570871,26,VRUKSHLAXMI SOCIETY,21.142013,72.882566,15.116
3,LP SAWANI DEPOT,21.20103798,72.77570871,27,CHIKU WADI,21.151202,72.837255,12.628
3,LP SAWANI DEPOT,21.20103798,72.77570871,28,ABHVA GAAM,21.116789,72.770046,12.722
3,LP SAWANI DEPOT,21.20103798,72.77570871,29,ISKCON CIRCLE,21.237125,72.789451,6.087
3,LP SAWANI DEPOT,21.20103798,72.77570871,30,EKTA NAGAR,21.204323,72.782368,1.029
3,LP SAWANI DEPOT,21.20103798,72.77570871,31,VIVEKANAND COLLEGE,21.248605,72.784978,7.013
3,LP SAWANI DEPOT,21.20103798,72.77570871,32,KOSAD GAM,21.254171,72.862777,13.807
3,LP SAWANI DEPOT,21.20103798,72.77570871,33,BHARTHANA,21.152835,72.797525,7.032
3,LP SAWANI DEPOT,21.20103798,72.77570871,34,KHAJOD GAM (VIA BHIMRAD GAAM),21.117303,72.790012,11.372
3,LP SAWANI DEPOT,21.20103798,72.77570871,35,KHAJOD GAM,21.117303,72.790012,11.372
3,LP SAWANI DEPOT,21.20103798,72.77570871,36,PALANPUR DEPOT TERMINAL,21.20493,72.775115,0.693
3,LP SAWANI DEPOT,21.20103798,72.77570871,37,AMROLI CROSS ROAD,21.241503,72.851484,11.227
3,LP SAWANI DEPOT,21.20103798,72.77570871,38,KOSAD FIRE STATION,21.247589,72.851312,11.812
3,LP SAWANI DEPOT,21.20103798,72.77570871,39,SAYAN RAILWAY STATION,21.316645,72.889057,22.925
3,LP SAWANI DEPOT,21.20103798,72.77570871,40,SOMESHWAR JUNCTION,21.153743,72.779742,6.374
3,LP SAWANI DEPOT,21.20103798,72.77570871,41,RANDER GAAM,21.218675,72.795963,3.817
3,LP SAWANI DEPOT,21.20103798,72.77570871,42,SURAT AIRPORT,21.123688,72.738732,11.265
3,LP SAWANI DEPOT,21.20103798,72.77570871,43,KAVI SHREE AMRUT GHAYAL SCHOOL VARIAV,21.260465,72.820787,10.206
3,LP SAWANI DEPOT,21.20103798,72.77570871,44,GREEN CITY BHATHA,21.188631,72.765808,2.476
3,LP SAWANI DEPOT,21.20103798,72.77570871,45,UMRA HEALTH CENTRE,21.171952,72.779688,3.892
3,LP SAWANI DEPOT,21.20103798,72.77570871,46,KAPODARA,21.219189,72.875916,12.832
3,LP SAWANI DEPOT,21.20103798,72.77570871,47,MAKKAIPOOL TERMINAL,21.192449,72.81622,6.063
3,LP SAWANI DEPOT,21.20103798,72.77570871,48,SMC NORTH ZONE,21.231699,72.838223,9.467
3,LP SAWANI DEPOT,21.20103798,72.77570871,49,RAJ EMPIRE GODADARA,21.174978,72.872079,14.387
3,LP SAWANI DEPOT,21.20103798,72.77570871,50,CHOWK,21.193478,72.817846,5.761
3,LP SAWANI DEPOT,21.20103798,72.77570871,51,GABHENI GAAM,21.086595,72.828711,20.567
3,LP SAWANI DEPOT,21.20103798,72.77570871,52,LAJPORE JAIL,21.073492,72.889242,21.952
3,LP SAWANI DEPOT,21.20103798,72.77570871,53,UNN INDUSTRIAL ESTATE,21.115826,72.859686,15.983
3,LP SAWANI DEPOT,21.20103798,72.77570871,54,DUMAS LANGAR,21.084347,72.719351,16.125
3,LP SAWANI DEPOT,21.20103798,72.77570871,55,VAISHNODEVI SKY D,21.241879,72.773521,5.33
3,LP SAWANI DEPOT,21.20103798,72.77570871,56,DR S.P MUKHER BRID,21.233518,72.804304,6.972
3,LP SAWANI DEPOT,21.20103798,72.77570871,57,variav gaam,21.259901,72.817796,9.673
3,LP SAWANI DEPOT,21.20103798,72.77570871,58,PURUSHOTTAM NAGAR ,21.233469,72.905706,15.872
3,LP SAWANI DEPOT,21.20103798,72.77570871,59,BHIMPORE,21.080944,72.723869,16.745
3,LP SAWANI DEPOT,21.20103798,72.77570871,60,BHESAN GAAM,21.215558,72.754277,4.234
3,LP SAWANI DEPOT,21.20103798,72.77570871,61,MAKKAI POOL U,21.192293,72.815777,6.456
3,LP SAWANI DEPOT,21.20103798,72.77570871,62,SARVODAY VIDHYALAY SEGVACHHAMA,21.220116,72.739943,5.943
3,LP SAWANI DEPOT,21.20103798,72.77570871,63,V.N.S.G. UNIVERSITY,21.155067,72.783131,6.586
3,LP SAWANI DEPOT,21.20103798,72.77570871,64,SUMAN DARSHAN,21.223193,72.808139,8.0
3,LP SAWANI DEPOT,21.20103798,72.77570871,65,MANGAL PANDEY HALL GODADARA,21.166307,72.870658,14.894
3,LP SAWANI DEPOT,21.20103798,72.77570871,66,DABHOLI GAAM APPROACH,21.236603,72.807822,7.083
3,LP SAWANI DEPOT,21.20103798,72.77570871,67,KHARWARNAGAR BRT,21.177901,72.834178,9.894
3,LP SAWANI DEPOT,21.20103798,72.77570871,68,BHESTAN GARDEN TERMINAL,21.125847,72.85233,14.991
3,LP SAWANI DEPOT,21.20103798,72.77570871,69,VINDESHWAR MAHADEV TEMPLE,21.137532,72.817753,10.396
3,LP SAWANI DEPOT,21.20103798,72.77570871,70,UTRAN RAILWAY STATION,21.232961,72.853939,11.601
3,LP SAWANI DEPOT,21.20103798,72.77570871,71,MAGOB GAM,21.19016,72.868282,12.415
3,LP SAWANI DEPOT,21.20103798,72.77570871,72,SMC WARD OFFICE LIMBAYAT,21.165783,72.857522,11.8
3,LP SAWANI DEPOT,21.20103798,72.77570871,73,ROYAL TOWNSHIP,21.246464,72.909711,17.744
3,LP SAWANI DEPOT,21.20103798,72.77570871,74,UTRAN LAKE GARDEN,21.23088,72.85648,12.508
3,LP SAWANI DEPOT,21.20103798,72.77570871,75,AMEZIA AMUZEMENT PARK,21.192617,72.86656,12.949
3,LP SAWANI DEPOT,21.20103798,72.77570871,76,BAMROLI,21.1389,72.8262,12.507
3,LP SAWANI DEPOT,21.20103798,72.77570871,77,BUDIYA GAAM U,21.101126,72.819533,16.531
3,LP SAWANI DEPOT,21.20103798,72.77570871,78,BUDIYA GAAM D,21.112388,72.829215,15.185
3,LP SAWANI DEPOT,21.20103798,72.77570871,79,BUDIYA GAAM CHOKDI,21.112388,72.829215,15.185
3,LP SAWANI DEPOT,21.20103798,72.77570871,80,SUNRISE VIDYALAY DINDOLI,21.158775,72.878728,14.906
3,LP SAWANI DEPOT,21.20103798,72.77570871,81,VESU GAAM,21.142237,72.777551,8.857
3,LP SAWANI DEPOT,21.20103798,72.77570871,82,ADAJAN G.S.R.T.C.,21.198617,72.808339,4.163
3,LP SAWANI DEPOT,21.20103798,72.77570871,83,PAL PATIYA,21.183238,72.779908,2.598
3,LP SAWANI DEPOT,21.20103798,72.77570871,84,MORA CHAR RASTA,21.178537,72.659226,18.259
3,LP SAWANI DEPOT,21.20103798,72.77570871,85,SAI PUJAN RESIDENCY,21.242961,72.784667,5.583
3,LP SAWANI DEPOT,21.20103798,72.77570871,86,GAIL INDIA LTD VIP ROAD D,21.136884,72.758699,9.714
3,LP SAWANI DEPOT,21.20103798,72.77570871,87,SHREE GYANJYOT VIDHYALAY,21.236575,72.938701,19.394
3,LP SAWANI DEPOT,21.20103798,72.77570871,88,SATYAM RESIDENCY PUNA GAAM,21.214186,72.881542,15.688
4,OLECTRA PALANPUR DEPOT,21.20455967,72.77474436,1,UDHNA DARWAZA,21.182516,72.831382,8.921
4,OLECTRA PALANPUR DEPOT,21.20455967,72.77474436,2,SACHIN G.I.D.C.,21.103452,72.865027,17.76
4,OLECTRA PALANPUR DEPOT,21.20455967,72.77474436,3,SARTHANA NATURE PARK BRT,21.229727,72.899562,15.643
4,OLECTRA PALANPUR DEPOT,21.20455967,72.77474436,4,KHARWAR NAGAR,21.177901,72.834178,10.186
4,OLECTRA PALANPUR DEPOT,21.20455967,72.77474436,5,ONGC COLONY,21.13884,72.751748,9.618
4,OLECTRA PALANPUR DEPOT,21.20455967,72.77474436,6,SANJEEVKUMAR AUDITORIUM,21.183125,72.786039,3.557
4,OLECTRA PALANPUR DEPOT,21.20455967,72.77474436,7,JAHANGIRPURA COMMUNITY HALL,21.228113,72.790158,3.875
4,OLECTRA PALANPUR DEPOT,21.20455967,72.77474436,8,KADODARA,21.17316,72.958438,22.376
4,OLECTRA PALANPUR DEPOT,21.20455967,72.77474436,9,AMAZIA AMUSEMENT PARK BRT,21.192617,72.86656,13.242
4,OLECTRA PALANPUR DEPOT,21.20455967,72.77474436,10,KOSAD EWS H2,21.255512,72.85406,13.768
4,OLECTRA PALANPUR DEPOT,21.20455967,72.77474436,11,ALTHAN DEPOT/TERMINAL,21.148815,72.808763,8.616
4,OLECTRA PALANPUR DEPOT,21.20455967,72.77474436,12,PANDESARA G.I.D.C.,21.144149,72.847995,13.274
4,OLECTRA PALANPUR DEPOT,21.20455967,72.77474436,13,PARVAT GAM,21.180797,72.866743,13.602
4,OLECTRA PALANPUR DEPOT,21.20455967,72.77474436,14,KOSAD DEPOT TERMINAL,21.257428,72.8476,13.368
4,OLECTRA PALANPUR DEPOT,21.20455967,72.77474436,15,KAMREJ TERMINAL,21.268535,72.956475,23.08
4,OLECTRA PALANPUR DEPOT,21.20455967,72.77474436,16,RAILWAY STATION TER,21.204733,72.840269,8.966
4,OLECTRA PALANPUR DEPOT,21.20455967,72.77474436,17,PAL R.T.O.,21.182332,72.78094,2.792
4,OLECTRA PALANPUR DEPOT,21.20455967,72.77474436,18,SACHIN RAILWAY STATION,21.078932,72.874206,22.328
4,OLECTRA PALANPUR DEPOT,21.20455967,72.77474436,19,UTRAN-R.O.B BRIDGE,21.233142,72.863284,12.956
4,OLECTRA PALANPUR DEPOT,21.20455967,72.77474436,20,ADAJAN GSRTC,21.198617,72.808339,4.562
4,OLECTRA PALANPUR DEPOT,21.20455967,72.77474436,21,MOTI VED,21.247717,72.813321,7.836
4,OLECTRA PALANPUR DEPOT,21.20455967,72.77474436,22,LAMBE HANUMAN TEMPLE,21.204553,72.843553,9.497
4,OLECTRA PALANPUR DEPOT,21.20455967,72.77474436,23,KATHOR GAAM,21.289928,72.937562,26.073
4,OLECTRA PALANPUR DEPOT,21.20455967,72.77474436,24,HARIDARSHAN RESIDENCY,21.325451,72.903202,26.407
4,OLECTRA PALANPUR DEPOT,21.20455967,72.77474436,25,RAMVATIKA SOCIETY,21.31169,72.908634,25.964
4,OLECTRA PALANPUR DEPOT,21.20455967,72.77474436,26,VRUKSHLAXMI SOCIETY,21.142013,72.882566,15.408
4,OLECTRA PALANPUR DEPOT,21.20455967,72.77474436,27,CHIKU WADI,21.151202,72.837255,12.921
4,OLECTRA PALANPUR DEPOT,21.20455967,72.77474436,28,ABHVA GAAM,21.116789,72.770046,13.015
4,OLECTRA PALANPUR DEPOT,21.20455967,72.77474436,29,ISKCON CIRCLE,21.237125,72.789451,5.325
4,OLECTRA PALANPUR DEPOT,21.20455967,72.77474436,30,EKTA NAGAR,21.204323,72.782368,1.321
4,OLECTRA PALANPUR DEPOT,21.20455967,72.77474436,31,VIVEKANAND COLLEGE,21.248605,72.784978,6.251
4,OLECTRA PALANPUR DEPOT,21.20455967,72.77474436,32,KOSAD GAM,21.254171,72.862777,14.206
4,OLECTRA PALANPUR DEPOT,21.20455967,72.77474436,33,BHARTHANA,21.152835,72.797525,7.325
4,OLECTRA PALANPUR DEPOT,21.20455967,72.77474436,34,KHAJOD GAM (VIA BHIMRAD GAAM),21.117303,72.790012,11.664
4,OLECTRA PALANPUR DEPOT,21.20455967,72.77474436,35,KHAJOD GAM,21.117303,72.790012,11.664
4,OLECTRA PALANPUR DEPOT,21.20455967,72.77474436,36,PALANPUR DEPOT TERMINAL,21.20493,72.775115,0.108
4,OLECTRA PALANPUR DEPOT,21.20455967,72.77474436,37,AMROLI CROSS ROAD,21.241503,72.851484,11.626
4,OLECTRA PALANPUR DEPOT,21.20455967,72.77474436,38,KOSAD FIRE STATION,21.247589,72.851312,12.211
4,OLECTRA PALANPUR DEPOT,21.20455967,72.77474436,39,SAYAN RAILWAY STATION,21.316645,72.889057,23.323
4,OLECTRA PALANPUR DEPOT,21.20455967,72.77474436,40,SOMESHWAR JUNCTION,21.153743,72.779742,6.667
4,OLECTRA PALANPUR DEPOT,21.20455967,72.77474436,41,RANDER GAAM,21.218675,72.795963,3.375
4,OLECTRA PALANPUR DEPOT,21.20455967,72.77474436,42,SURAT AIRPORT,21.123688,72.738732,11.557
4,OLECTRA PALANPUR DEPOT,21.20455967,72.77474436,43,KAVI SHREE AMRUT GHAYAL SCHOOL VARIAV,21.260465,72.820787,9.621
4,OLECTRA PALANPUR DEPOT,21.20455967,72.77474436,44,GREEN CITY BHATHA,21.188631,72.765808,3.036
4,OLECTRA PALANPUR DEPOT,21.20455967,72.77474436,45,UMRA HEALTH CENTRE,21.171952,72.779688,4.185
4,OLECTRA PALANPUR DEPOT,21.20455967,72.77474436,46,KAPODARA,21.219189,72.875916,13.231
4,OLECTRA PALANPUR DEPOT,21.20455967,72.77474436,47,MAKKAIPOOL TERMINAL,21.192449,72.81622,6.178
4,OLECTRA PALANPUR DEPOT,21.20455967,72.77474436,48,SMC NORTH ZONE,21.231699,72.838223,9.866
4,OLECTRA PALANPUR DEPOT,21.20455967,72.77474436,49,RAJ EMPIRE GODADARA,21.174978,72.872079,14.68
4,OLECTRA PALANPUR DEPOT,21.20455967,72.77474436,50,CHOWK,21.193478,72.817846,6.16
4,OLECTRA PALANPUR DEPOT,21.20455967,72.77474436,51,GABHENI GAAM,21.086595,72.828711,20.86
4,OLECTRA PALANPUR DEPOT,21.20455967,72.77474436,52,LAJPORE JAIL,21.073492,72.889242,22.244
4,OLECTRA PALANPUR DEPOT,21.20455967,72.77474436,53,UNN INDUSTRIAL ESTATE,21.115826,72.859686,16.275
4,OLECTRA PALANPUR DEPOT,21.20455967,72.77474436,54,DUMAS LANGAR,21.084347,72.719351,16.418
4,OLECTRA PALANPUR DEPOT,21.20455967,72.77474436,55,VAISHNODEVI SKY D,21.241879,72.773521,4.745
4,OLECTRA PALANPUR DEPOT,21.20455967,72.77474436,56,DR S.P MUKHER BRID,21.233518,72.804304,6.209
4,OLECTRA PALANPUR DEPOT,21.20455967,72.77474436,57,variav gaam,21.259901,72.817796,9.088
4,OLECTRA PALANPUR DEPOT,21.20455967,72.77474436,58,PURUSHOTTAM NAGAR ,21.233469,72.905706,16.271
4,OLECTRA PALANPUR DEPOT,21.20455967,72.77474436,59,BHIMPORE,21.080944,72.723869,17.037
4,OLECTRA PALANPUR DEPOT,21.20455967,72.77474436,60,BHESAN GAAM,21.215558,72.754277,4.039
4,OLECTRA PALANPUR DEPOT,21.20455967,72.77474436,61,MAKKAI POOL U,21.192293,72.815777,6.748
4,OLECTRA PALANPUR DEPOT,21.20455967,72.77474436,62,SARVODAY VIDHYALAY SEGVACHHAMA,21.220116,72.739943,5.748
4,OLECTRA PALANPUR DEPOT,21.20455967,72.77474436,63,V.N.S.G. UNIVERSITY,21.155067,72.783131,6.878
4,OLECTRA PALANPUR DEPOT,21.20455967,72.77474436,64,SUMAN DARSHAN,21.223193,72.808139,7.238
4,OLECTRA PALANPUR DEPOT,21.20455967,72.77474436,65,MANGAL PANDEY HALL GODADARA,21.166307,72.870658,15.186
4,OLECTRA PALANPUR DEPOT,21.20455967,72.77474436,66,DABHOLI GAAM APPROACH,21.236603,72.807822,6.321
4,OLECTRA PALANPUR DEPOT,21.20455967,72.77474436,67,KHARWARNAGAR BRT,21.177901,72.834178,10.186
4,OLECTRA PALANPUR DEPOT,21.20455967,72.77474436,68,BHESTAN GARDEN TERMINAL,21.125847,72.85233,15.284
4,OLECTRA PALANPUR DEPOT,21.20455967,72.77474436,69,VINDESHWAR MAHADEV TEMPLE,21.137532,72.817753,10.689
4,OLECTRA PALANPUR DEPOT,21.20455967,72.77474436,70,UTRAN RAILWAY STATION,21.232961,72.853939,11.999
4,OLECTRA PALANPUR DEPOT,21.20455967,72.77474436,71,MAGOB GAM,21.19016,72.868282,12.708
4,OLECTRA PALANPUR DEPOT,21.20455967,72.77474436,72,SMC WARD OFFICE LIMBAYAT,21.165783,72.857522,12.093
4,OLECTRA PALANPUR DEPOT,21.20455967,72.77474436,73,ROYAL TOWNSHIP,21.246464,72.909711,18.143
4,OLECTRA PALANPUR DEPOT,21.20455967,72.77474436,74,UTRAN LAKE GARDEN,21.23088,72.85648,12.907
4,OLECTRA PALANPUR DEPOT,21.20455967,72.77474436,75,AMEZIA AMUZEMENT PARK,21.192617,72.86656,13.242
4,OLECTRA PALANPUR DEPOT,21.20455967,72.77474436,76,BAMROLI,21.1389,72.8262,12.799
4,OLECTRA PALANPUR DEPOT,21.20455967,72.77474436,77,BUDIYA GAAM U,21.101126,72.819533,16.824
4,OLECTRA PALANPUR DEPOT,21.20455967,72.77474436,78,BUDIYA GAAM D,21.112388,72.829215,15.477
4,OLECTRA PALANPUR DEPOT,21.20455967,72.77474436,79,BUDIYA GAAM CHOKDI,21.112388,72.829215,15.477
4,OLECTRA PALANPUR DEPOT,21.20455967,72.77474436,80,SUNRISE VIDYALAY DINDOLI,21.158775,72.878728,15.198
4,OLECTRA PALANPUR DEPOT,21.20455967,72.77474436,81,VESU GAAM,21.142237,72.777551,9.149
4,OLECTRA PALANPUR DEPOT,21.20455967,72.77474436,82,ADAJAN G.S.R.T.C.,21.198617,72.808339,4.562
4,OLECTRA PALANPUR DEPOT,21.20455967,72.77474436,83,PAL PATIYA,21.183238,72.779908,2.89
4,OLECTRA PALANPUR DEPOT,21.20455967,72.77474436,84,MORA CHAR RASTA,21.178537,72.659226,18.819
4,OLECTRA PALANPUR DEPOT,21.20455967,72.77474436,85,SAI PUJAN RESIDENCY,21.242961,72.784667,4.998
4,OLECTRA PALANPUR DEPOT,21.20455967,72.77474436,86,GAIL INDIA LTD VIP ROAD D,21.136884,72.758699,10.007
4,OLECTRA PALANPUR DEPOT,21.20455967,72.77474436,87,SHREE GYANJYOT VIDHYALAY,21.236575,72.938701,19.792
4,OLECTRA PALANPUR DEPOT,21.20455967,72.77474436,88,SATYAM RESIDENCY PUNA GAAM,21.214186,72.881542,15.98
5,OLECTRA ALTHAN DEPOT,21.15078778,72.80946108,1,UDHNA DARWAZA,21.182516,72.831382,5.093
5,OLECTRA ALTHAN DEPOT,21.15078778,72.80946108,2,SACHIN G.I.D.C.,21.103452,72.865027,10.218
5,OLECTRA ALTHAN DEPOT,21.15078778,72.80946108,3,SARTHANA NATURE PARK BRT,21.229727,72.899562,15.855
5,OLECTRA ALTHAN DEPOT,21.15078778,72.80946108,4,KHARWAR NAGAR,21.177901,72.834178,6.049
5,OLECTRA ALTHAN DEPOT,21.15078778,72.80946108,5,ONGC COLONY,21.13884,72.751748,7.216
5,OLECTRA ALTHAN DEPOT,21.15078778,72.80946108,6,SANJEEVKUMAR AUDITORIUM,21.183125,72.786039,8.097
5,OLECTRA ALTHAN DEPOT,21.15078778,72.80946108,7,JAHANGIRPURA COMMUNITY HALL,21.228113,72.790158,10.355
5,OLECTRA ALTHAN DEPOT,21.15078778,72.80946108,8,KADODARA,21.17316,72.958438,19.306
5,OLECTRA ALTHAN DEPOT,21.15078778,72.80946108,9,AMAZIA AMUSEMENT PARK BRT,21.192617,72.86656,10.172
5,OLECTRA ALTHAN DEPOT,21.15078778,72.80946108,10,KOSAD EWS H2,21.255512,72.85406,16.342
5,OLECTRA ALTHAN DEPOT,21.15078778,72.80946108,11,ALTHAN DEPOT/TERMINAL,21.148815,72.808763,0.284
5,OLECTRA ALTHAN DEPOT,21.15078778,72.80946108,12,PANDESARA G.I.D.C.,21.144149,72.847995,5.732
5,OLECTRA ALTHAN DEPOT,21.15078778,72.80946108,13,PARVAT GAM,21.180797,72.866743,9.077
5,OLECTRA ALTHAN DEPOT,21.15078778,72.80946108,14,KOSAD DEPOT TERMINAL,21.257428,72.8476,15.943
5,OLECTRA ALTHAN DEPOT,21.15078778,72.80946108,15,KAMREJ TERMINAL,21.268535,72.956475,23.338
5,OLECTRA ALTHAN DEPOT,21.15078778,72.80946108,16,RAILWAY STATION TER,21.204733,72.840269,8.601
5,OLECTRA ALTHAN DEPOT,21.15078778,72.80946108,17,PAL R.T.O.,21.182332,72.78094,8.826
5,OLECTRA ALTHAN DEPOT,21.15078778,72.80946108,18,SACHIN RAILWAY STATION,21.078932,72.874206,14.718
5,OLECTRA ALTHAN DEPOT,21.15078778,72.80946108,19,UTRAN-R.O.B BRIDGE,21.233142,72.863284,15.53
5,OLECTRA ALTHAN DEPOT,21.15078778,72.80946108,20,ADAJAN GSRTC,21.198617,72.808339,6.992
5,OLECTRA ALTHAN DEPOT,21.15078778,72.80946108,21,MOTI VED,21.247717,72.813321,13.472
5,OLECTRA ALTHAN DEPOT,21.15078778,72.80946108,22,LAMBE HANUMAN TEMPLE,21.204553,72.843553,9.131
5,OLECTRA ALTHAN DEPOT,21.15078778,72.80946108,23,KATHOR GAAM,21.289928,72.937562,28.647
5,OLECTRA ALTHAN DEPOT,21.15078778,72.80946108,24,HARIDARSHAN RESIDENCY,21.325451,72.903202,28.981
5,OLECTRA ALTHAN DEPOT,21.15078778,72.80946108,25,RAMVATIKA SOCIETY,21.31169,72.908634,28.538
5,OLECTRA ALTHAN DEPOT,21.15078778,72.80946108,26,VRUKSHLAXMI SOCIETY,21.142013,72.882566,9.38
5,OLECTRA ALTHAN DEPOT,21.15078778,72.80946108,27,CHIKU WADI,21.151202,72.837255,3.639
5,OLECTRA ALTHAN DEPOT,21.15078778,72.80946108,28,ABHVA GAAM,21.116789,72.770046,7.637
5,OLECTRA ALTHAN DEPOT,21.15078778,72.80946108,29,ISKCON CIRCLE,21.237125,72.789451,11.805
5,OLECTRA ALTHAN DEPOT,21.15078778,72.80946108,30,EKTA NAGAR,21.204323,72.782368,8.573
5,OLECTRA ALTHAN DEPOT,21.15078778,72.80946108,31,VIVEKANAND COLLEGE,21.248605,72.784978,12.73
5,OLECTRA ALTHAN DEPOT,21.15078778,72.80946108,32,KOSAD GAM,21.254171,72.862777,16.78
5,OLECTRA ALTHAN DEPOT,21.15078778,72.80946108,33,BHARTHANA,21.152835,72.797525,2.862
5,OLECTRA ALTHAN DEPOT,21.15078778,72.80946108,34,KHAJOD GAM (VIA BHIMRAD GAAM),21.117303,72.790012,4.996
5,OLECTRA ALTHAN DEPOT,21.15078778,72.80946108,35,KHAJOD GAM,21.117303,72.790012,4.996
5,OLECTRA ALTHAN DEPOT,21.15078778,72.80946108,36,PALANPUR DEPOT TERMINAL,21.20493,72.775115,9.137
5,OLECTRA ALTHAN DEPOT,21.15078778,72.80946108,37,AMROLI CROSS ROAD,21.241503,72.851484,14.2
5,OLECTRA ALTHAN DEPOT,21.15078778,72.80946108,38,KOSAD FIRE STATION,21.247589,72.851312,14.785
5,OLECTRA ALTHAN DEPOT,21.15078778,72.80946108,39,SAYAN RAILWAY STATION,21.316645,72.889057,25.898
5,OLECTRA ALTHAN DEPOT,21.15078778,72.80946108,40,SOMESHWAR JUNCTION,21.153743,72.779742,4.669
5,OLECTRA ALTHAN DEPOT,21.15078778,72.80946108,41,RANDER GAAM,21.218675,72.795963,9.535
5,OLECTRA ALTHAN DEPOT,21.15078778,72.80946108,42,SURAT AIRPORT,21.123688,72.738732,9.155
5,OLECTRA ALTHAN DEPOT,21.15078778,72.80946108,43,KAVI SHREE AMRUT GHAYAL SCHOOL VARIAV,21.260465,72.820787,17.142
5,OLECTRA ALTHAN DEPOT,21.15078778,72.80946108,44,GREEN CITY BHATHA,21.188631,72.765808,11.127
5,OLECTRA ALTHAN DEPOT,21.15078778,72.80946108,45,UMRA HEALTH CENTRE,21.171952,72.779688,6.123
5,OLECTRA ALTHAN DEPOT,21.15078778,72.80946108,46,KAPODARA,21.219189,72.875916,13.153
5,OLECTRA ALTHAN DEPOT,21.15078778,72.80946108,47,MAKKAIPOOL TERMINAL,21.192449,72.81622,5.184
5,OLECTRA ALTHAN DEPOT,21.15078778,72.80946108,48,SMC NORTH ZONE,21.231699,72.838223,12.44
5,OLECTRA ALTHAN DEPOT,21.15078778,72.80946108,49,RAJ EMPIRE GODADARA,21.174978,72.872079,9.949
5,OLECTRA ALTHAN DEPOT,21.15078778,72.80946108,50,CHOWK,21.193478,72.817846,5.541
5,OLECTRA ALTHAN DEPOT,21.15078778,72.80946108,51,GABHENI GAAM,21.086595,72.828711,12.139
5,OLECTRA ALTHAN DEPOT,21.15078778,72.80946108,52,LAJPORE JAIL,21.073492,72.889242,16.959
5,OLECTRA ALTHAN DEPOT,21.15078778,72.80946108,53,UNN INDUSTRIAL ESTATE,21.115826,72.859686,8.733
5,OLECTRA ALTHAN DEPOT,21.15078778,72.80946108,54,DUMAS LANGAR,21.084347,72.719351,14.016
5,OLECTRA ALTHAN DEPOT,21.15078778,72.80946108,55,VAISHNODEVI SKY D,21.241879,72.773521,12.945
5,OLECTRA ALTHAN DEPOT,21.15078778,72.80946108,56,DR S.P MUKHER BRID,21.233518,72.804304,12.036
5,OLECTRA ALTHAN DEPOT,21.15078778,72.80946108,57,variav gaam,21.259901,72.817796,16.609
5,OLECTRA ALTHAN DEPOT,21.15078778,72.80946108,58,PURUSHOTTAM NAGAR ,21.233469,72.905706,16.522
5,OLECTRA ALTHAN DEPOT,21.15078778,72.80946108,59,BHIMPORE,21.080944,72.723869,14.636
5,OLECTRA ALTHAN DEPOT,21.15078778,72.80946108,60,BHESAN GAAM,21.215558,72.754277,13.483
5,OLECTRA ALTHAN DEPOT,21.15078778,72.80946108,61,MAKKAI POOL U,21.192293,72.815777,5.836
5,OLECTRA ALTHAN DEPOT,21.15078778,72.80946108,62,SARVODAY VIDHYALAY SEGVACHHAMA,21.220116,72.739943,15.192
5,OLECTRA ALTHAN DEPOT,21.15078778,72.80946108,63,V.N.S.G. UNIVERSITY,21.155067,72.783131,4.481
5,OLECTRA ALTHAN DEPOT,21.15078778,72.80946108,64,SUMAN DARSHAN,21.223193,72.808139,11.312
5,OLECTRA ALTHAN DEPOT,21.15078778,72.80946108,65,MANGAL PANDEY HALL GODADARA,21.166307,72.870658,9.158
5,OLECTRA ALTHAN DEPOT,21.15078778,72.80946108,66,DABHOLI GAAM APPROACH,21.236603,72.807822,12.8
5,OLECTRA ALTHAN DEPOT,21.15078778,72.80946108,67,KHARWARNAGAR BRT,21.177901,72.834178,6.049
5,OLECTRA ALTHAN DEPOT,21.15078778,72.80946108,68,BHESTAN GARDEN TERMINAL,21.125847,72.85233,7.741
5,OLECTRA ALTHAN DEPOT,21.15078778,72.80946108,69,VINDESHWAR MAHADEV TEMPLE,21.137532,72.817753,3.611
5,OLECTRA ALTHAN DEPOT,21.15078778,72.80946108,70,UTRAN RAILWAY STATION,21.232961,72.853939,14.574
5,OLECTRA ALTHAN DEPOT,21.15078778,72.80946108,71,MAGOB GAM,21.19016,72.868282,9.638
5,OLECTRA ALTHAN DEPOT,21.15078778,72.80946108,72,SMC WARD OFFICE LIMBAYAT,21.165783,72.857522,8.889
5,OLECTRA ALTHAN DEPOT,21.15078778,72.80946108,73,ROYAL TOWNSHIP,21.246464,72.909711,18.401
5,OLECTRA ALTHAN DEPOT,21.15078778,72.80946108,74,UTRAN LAKE GARDEN,21.23088,72.85648,15.481
5,OLECTRA ALTHAN DEPOT,21.15078778,72.80946108,75,AMEZIA AMUZEMENT PARK,21.192617,72.86656,10.172
5,OLECTRA ALTHAN DEPOT,21.15078778,72.80946108,76,BAMROLI,21.1389,72.8262,4.228
5,OLECTRA ALTHAN DEPOT,21.15078778,72.80946108,77,BUDIYA GAAM U,21.101126,72.819533,8.103
5,OLECTRA ALTHAN DEPOT,21.15078778,72.80946108,78,BUDIYA GAAM D,21.112388,72.829215,6.757
5,OLECTRA ALTHAN DEPOT,21.15078778,72.80946108,79,BUDIYA GAAM CHOKDI,21.112388,72.829215,6.757
5,OLECTRA ALTHAN DEPOT,21.15078778,72.80946108,80,SUNRISE VIDYALAY DINDOLI,21.158775,72.878728,9.171
5,OLECTRA ALTHAN DEPOT,21.15078778,72.80946108,81,VESU GAAM,21.142237,72.777551,4.306
5,OLECTRA ALTHAN DEPOT,21.15078778,72.80946108,82,ADAJAN G.S.R.T.C.,21.198617,72.808339,6.992
5,OLECTRA ALTHAN DEPOT,21.15078778,72.80946108,83,PAL PATIYA,21.183238,72.779908,8.853
5,OLECTRA ALTHAN DEPOT,21.15078778,72.80946108,84,MORA CHAR RASTA,21.178537,72.659226,20.426
5,OLECTRA ALTHAN DEPOT,21.15078778,72.80946108,85,SAI PUJAN RESIDENCY,21.242961,72.784667,12.66
5,OLECTRA ALTHAN DEPOT,21.15078778,72.80946108,86,GAIL INDIA LTD VIP ROAD D,21.136884,72.758699,6.466
5,OLECTRA ALTHAN DEPOT,21.15078778,72.80946108,87,SHREE GYANJYOT VIDHYALAY,21.236575,72.938701,19.84
5,OLECTRA ALTHAN DEPOT,21.15078778,72.80946108,88,SATYAM RESIDENCY PUNA GAAM,21.214186,72.881542,12.91
6,GREENCELL MAGOB DEPOT,21.17989515,72.87771692,1,UDHNA DARWAZA,21.182516,72.831382,7.489
6,GREENCELL MAGOB DEPOT,21.17989515,72.87771692,2,SACHIN G.I.D.C.,21.103452,72.865027,11.413
6,GREENCELL MAGOB DEPOT,21.17989515,72.87771692,3,SARTHANA NATURE PARK BRT,21.229727,72.899562,8.383
6,GREENCELL MAGOB DEPOT,21.17989515,72.87771692,4,KHARWAR NAGAR,21.177901,72.834178,8.695
6,GREENCELL MAGOB DEPOT,21.17989515,72.87771692,5,ONGC COLONY,21.13884,72.751748,17.426
6,GREENCELL MAGOB DEPOT,21.17989515,72.87771692,6,SANJEEVKUMAR AUDITORIUM,21.183125,72.786039,12.389
6,GREENCELL MAGOB DEPOT,21.17989515,72.87771692,7,JAHANGIRPURA COMMUNITY HALL,21.228113,72.790158,14.187
6,GREENCELL MAGOB DEPOT,21.17989515,72.87771692,8,KADODARA,21.17316,72.958438,9.778
6,GREENCELL MAGOB DEPOT,21.17989515,72.87771692,9,AMAZIA AMUSEMENT PARK BRT,21.192617,72.86656,2.628
6,GREENCELL MAGOB DEPOT,21.17989515,72.87771692,10,KOSAD EWS H2,21.255512,72.85406,14.095
6,GREENCELL MAGOB DEPOT,21.17989515,72.87771692,11,ALTHAN DEPOT/TERMINAL,21.148815,72.808763,11.822
6,GREENCELL MAGOB DEPOT,21.17989515,72.87771692,12,PANDESARA G.I.D.C.,21.144149,72.847995,6.938
6,GREENCELL MAGOB DEPOT,21.17989515,72.87771692,13,PARVAT GAM,21.180797,72.866743,1.317
6,GREENCELL MAGOB DEPOT,21.17989515,72.87771692,14,KOSAD DEPOT TERMINAL,21.257428,72.8476,13.696
6,GREENCELL MAGOB DEPOT,21.17989515,72.87771692,15,KAMREJ TERMINAL,21.268535,72.956475,15.865
6,GREENCELL MAGOB DEPOT,21.17989515,72.87771692,16,RAILWAY STATION TER,21.204733,72.840269,6.354
6,GREENCELL MAGOB DEPOT,21.17989515,72.87771692,17,PAL R.T.O.,21.182332,72.78094,13.118
6,GREENCELL MAGOB DEPOT,21.17989515,72.87771692,18,SACHIN RAILWAY STATION,21.078932,72.874206,15.981
6,GREENCELL MAGOB DEPOT,21.17989515,72.87771692,19,UTRAN-R.O.B BRIDGE,21.233142,72.863284,7.854
6,GREENCELL MAGOB DEPOT,21.17989515,72.87771692,20,ADAJAN GSRTC,21.198617,72.808339,10.239
6,GREENCELL MAGOB DEPOT,21.17989515,72.87771692,21,MOTI VED,21.247717,72.813321,13.666
6,GREENCELL MAGOB DEPOT,21.17989515,72.87771692,22,LAMBE HANUMAN TEMPLE,21.204553,72.843553,6.884
6,GREENCELL MAGOB DEPOT,21.17989515,72.87771692,23,KATHOR GAAM,21.289928,72.937562,18.398
6,GREENCELL MAGOB DEPOT,21.17989515,72.87771692,24,HARIDARSHAN RESIDENCY,21.325451,72.903202,26.734
6,GREENCELL MAGOB DEPOT,21.17989515,72.87771692,25,RAMVATIKA SOCIETY,21.31169,72.908634,26.291
6,GREENCELL MAGOB DEPOT,21.17989515,72.87771692,26,VRUKSHLAXMI SOCIETY,21.142013,72.882566,5.757
6,GREENCELL MAGOB DEPOT,21.17989515,72.87771692,27,CHIKU WADI,21.151202,72.837255,8.017
6,GREENCELL MAGOB DEPOT,21.17989515,72.87771692,28,ABHVA GAAM,21.116789,72.770046,18.575
6,GREENCELL MAGOB DEPOT,21.17989515,72.87771692,29,ISKCON CIRCLE,21.237125,72.789451,15.637
6,GREENCELL MAGOB DEPOT,21.17989515,72.87771692,30,EKTA NAGAR,21.204323,72.782368,13.488
6,GREENCELL MAGOB DEPOT,21.17989515,72.87771692,31,VIVEKANAND COLLEGE,21.248605,72.784978,16.563
6,GREENCELL MAGOB DEPOT,21.17989515,72.87771692,32,KOSAD GAM,21.254171,72.862777,14.533
6,GREENCELL MAGOB DEPOT,21.17989515,72.87771692,33,BHARTHANA,21.152835,72.797525,12.449
6,GREENCELL MAGOB DEPOT,21.17989515,72.87771692,34,KHAJOD GAM (VIA BHIMRAD GAAM),21.117303,72.790012,15.934
6,GREENCELL MAGOB DEPOT,21.17989515,72.87771692,35,KHAJOD GAM,21.117303,72.790012,15.934
6,GREENCELL MAGOB DEPOT,21.17989515,72.87771692,36,PALANPUR DEPOT TERMINAL,21.20493,72.775115,14.155
6,GREENCELL MAGOB DEPOT,21.17989515,72.87771692,37,AMROLI CROSS ROAD,21.241503,72.851484,11.953
6,GREENCELL MAGOB DEPOT,21.17989515,72.87771692,38,KOSAD FIRE STATION,21.247589,72.851312,12.538
6,GREENCELL MAGOB DEPOT,21.17989515,72.87771692,39,SAYAN RAILWAY STATION,21.316645,72.889057,23.651
6,GREENCELL MAGOB DEPOT,21.17989515,72.87771692,40,SOMESHWAR JUNCTION,21.153743,72.779742,13.388
6,GREENCELL MAGOB DEPOT,21.17989515,72.87771692,41,RANDER GAAM,21.218675,72.795963,12.022
6,GREENCELL MAGOB DEPOT,21.17989515,72.87771692,42,SURAT AIRPORT,21.123688,72.738732,19.366
6,GREENCELL MAGOB DEPOT,21.17989515,72.87771692,43,KAVI SHREE AMRUT GHAYAL SCHOOL VARIAV,21.260465,72.820787,16.419
6,GREENCELL MAGOB DEPOT,21.17989515,72.87771692,44,GREEN CITY BHATHA,21.188631,72.765808,15.419
6,GREENCELL MAGOB DEPOT,21.17989515,72.87771692,45,UMRA HEALTH CENTRE,21.171952,72.779688,13.142
6,GREENCELL MAGOB DEPOT,21.17989515,72.87771692,46,KAPODARA,21.219189,72.875916,6.137
6,GREENCELL MAGOB DEPOT,21.17989515,72.87771692,47,MAKKAIPOOL TERMINAL,21.192449,72.81622,8.815
6,GREENCELL MAGOB DEPOT,21.17989515,72.87771692,48,SMC NORTH ZONE,21.231699,72.838223,10.193
6,GREENCELL MAGOB DEPOT,21.17989515,72.87771692,49,RAJ EMPIRE GODADARA,21.174978,72.872079,1.552
6,GREENCELL MAGOB DEPOT,21.17989515,72.87771692,50,CHOWK,21.193478,72.817846,7.875
6,GREENCELL MAGOB DEPOT,21.17989515,72.87771692,51,GABHENI GAAM,21.086595,72.828711,14.902
6,GREENCELL MAGOB DEPOT,21.17989515,72.87771692,52,LAJPORE JAIL,21.073492,72.889242,15.779
6,GREENCELL MAGOB DEPOT,21.17989515,72.87771692,53,UNN INDUSTRIAL ESTATE,21.115826,72.859686,9.928
6,GREENCELL MAGOB DEPOT,21.17989515,72.87771692,54,DUMAS LANGAR,21.084347,72.719351,24.226
6,GREENCELL MAGOB DEPOT,21.17989515,72.87771692,55,VAISHNODEVI SKY D,21.241879,72.773521,16.778
6,GREENCELL MAGOB DEPOT,21.17989515,72.87771692,56,DR S.P MUKHER BRID,21.233518,72.804304,12.229
6,GREENCELL MAGOB DEPOT,21.17989515,72.87771692,57,variav gaam,21.259901,72.817796,16.795
6,GREENCELL MAGOB DEPOT,21.17989515,72.87771692,58,PURUSHOTTAM NAGAR ,21.233469,72.905706,9.05
6,GREENCELL MAGOB DEPOT,21.17989515,72.87771692,59,BHIMPORE,21.080944,72.723869,24.846
6,GREENCELL MAGOB DEPOT,21.17989515,72.87771692,60,BHESAN GAAM,21.215558,72.754277,17.315
6,GREENCELL MAGOB DEPOT,21.17989515,72.87771692,61,MAKKAI POOL U,21.192293,72.815777,10.128
6,GREENCELL MAGOB DEPOT,21.17989515,72.87771692,62,SARVODAY VIDHYALAY SEGVACHHAMA,21.220116,72.739943,19.024
6,GREENCELL MAGOB DEPOT,21.17989515,72.87771692,63,V.N.S.G. UNIVERSITY,21.155067,72.783131,13.201
6,GREENCELL MAGOB DEPOT,21.17989515,72.87771692,64,SUMAN DARSHAN,21.223193,72.808139,11.505
6,GREENCELL MAGOB DEPOT,21.17989515,72.87771692,65,MANGAL PANDEY HALL GODADARA,21.166307,72.870658,2.563
6,GREENCELL MAGOB DEPOT,21.17989515,72.87771692,66,DABHOLI GAAM APPROACH,21.236603,72.807822,12.343
6,GREENCELL MAGOB DEPOT,21.17989515,72.87771692,67,KHARWARNAGAR BRT,21.177901,72.834178,8.695
6,GREENCELL MAGOB DEPOT,21.17989515,72.87771692,68,BHESTAN GARDEN TERMINAL,21.125847,72.85233,8.937
6,GREENCELL MAGOB DEPOT,21.17989515,72.87771692,69,VINDESHWAR MAHADEV TEMPLE,21.137532,72.817753,10.112
6,GREENCELL MAGOB DEPOT,21.17989515,72.87771692,70,UTRAN RAILWAY STATION,21.232961,72.853939,12.327
6,GREENCELL MAGOB DEPOT,21.17989515,72.87771692,71,MAGOB GAM,21.19016,72.868282,2.005
6,GREENCELL MAGOB DEPOT,21.17989515,72.87771692,72,SMC WARD OFFICE LIMBAYAT,21.165783,72.857522,3.468
6,GREENCELL MAGOB DEPOT,21.17989515,72.87771692,73,ROYAL TOWNSHIP,21.246464,72.909711,10.929
6,GREENCELL MAGOB DEPOT,21.17989515,72.87771692,74,UTRAN LAKE GARDEN,21.23088,72.85648,8.7
6,GREENCELL MAGOB DEPOT,21.17989515,72.87771692,75,AMEZIA AMUZEMENT PARK,21.192617,72.86656,2.628
6,GREENCELL MAGOB DEPOT,21.17989515,72.87771692,76,BAMROLI,21.1389,72.8262,10.028
6,GREENCELL MAGOB DEPOT,21.17989515,72.87771692,77,BUDIYA GAAM U,21.101126,72.819533,13.722
6,GREENCELL MAGOB DEPOT,21.17989515,72.87771692,78,BUDIYA GAAM D,21.112388,72.829215,12.376
6,GREENCELL MAGOB DEPOT,21.17989515,72.87771692,79,BUDIYA GAAM CHOKDI,21.112388,72.829215,12.376
6,GREENCELL MAGOB DEPOT,21.17989515,72.87771692,80,SUNRISE VIDYALAY DINDOLI,21.158775,72.878728,4.382
6,GREENCELL MAGOB DEPOT,21.17989515,72.87771692,81,VESU GAAM,21.142237,72.777551,15.243
6,GREENCELL MAGOB DEPOT,21.17989515,72.87771692,82,ADAJAN G.S.R.T.C.,21.198617,72.808339,10.239
6,GREENCELL MAGOB DEPOT,21.17989515,72.87771692,83,PAL PATIYA,21.183238,72.779908,13.145
6,GREENCELL MAGOB DEPOT,21.17989515,72.87771692,84,MORA CHAR RASTA,21.178537,72.659226,29.219
6,GREENCELL MAGOB DEPOT,21.17989515,72.87771692,85,SAI PUJAN RESIDENCY,21.242961,72.784667,16.492
6,GREENCELL MAGOB DEPOT,21.17989515,72.87771692,86,GAIL INDIA LTD VIP ROAD D,21.136884,72.758699,17.815
6,GREENCELL MAGOB DEPOT,21.17989515,72.87771692,87,SHREE GYANJYOT VIDHYALAY,21.236575,72.938701,12.367
6,GREENCELL MAGOB DEPOT,21.17989515,72.87771692,88,SATYAM RESIDENCY PUNA GAAM,21.214186,72.881542,5.437
7,HANSA KOSAD DEPOT,21.25819505,72.84828542,1,UDHNA DARWAZA,21.182516,72.831382,12.214
7,HANSA KOSAD DEPOT,21.25819505,72.84828542,2,SACHIN G.I.D.C.,21.103452,72.865027,20.994
7,HANSA KOSAD DEPOT,21.25819505,72.84828542,3,SARTHANA NATURE PARK BRT,21.229727,72.899562,9.381
7,HANSA KOSAD DEPOT,21.25819505,72.84828542,4,KHARWAR NAGAR,21.177901,72.834178,13.42
7,HANSA KOSAD DEPOT,21.25819505,72.84828542,5,ONGC COLONY,21.13884,72.751748,19.776
7,HANSA KOSAD DEPOT,21.25819505,72.84828542,6,SANJEEVKUMAR AUDITORIUM,21.183125,72.786039,12.292
7,HANSA KOSAD DEPOT,21.25819505,72.84828542,7,JAHANGIRPURA COMMUNITY HALL,21.228113,72.790158,9.776
7,HANSA KOSAD DEPOT,21.25819505,72.84828542,8,KADODARA,21.17316,72.958438,21.724
7,HANSA KOSAD DEPOT,21.25819505,72.84828542,9,AMAZIA AMUSEMENT PARK BRT,21.192617,72.86656,12.59
7,HANSA KOSAD DEPOT,21.25819505,72.84828542,10,KOSAD EWS H2,21.255512,72.85406,1.148
7,HANSA KOSAD DEPOT,21.25819505,72.84828542,11,ALTHAN DEPOT/TERMINAL,21.148815,72.808763,16.547
7,HANSA KOSAD DEPOT,21.25819505,72.84828542,12,PANDESARA G.I.D.C.,21.144149,72.847995,16.508
7,HANSA KOSAD DEPOT,21.25819505,72.84828542,13,PARVAT GAM,21.180797,72.866743,12.95
7,HANSA KOSAD DEPOT,21.25819505,72.84828542,14,KOSAD DEPOT TERMINAL,21.257428,72.8476,0.486
7,HANSA KOSAD DEPOT,21.25819505,72.84828542,15,KAMREJ TERMINAL,21.268535,72.956475,14.05
7,HANSA KOSAD DEPOT,21.25819505,72.84828542,16,RAILWAY STATION TER,21.204733,72.840269,8.432
7,HANSA KOSAD DEPOT,21.25819505,72.84828542,17,PAL R.T.O.,21.182332,72.78094,13.021
7,HANSA KOSAD DEPOT,21.25819505,72.84828542,18,SACHIN RAILWAY STATION,21.078932,72.874206,25.562
7,HANSA KOSAD DEPOT,21.25819505,72.84828542,19,UTRAN-R.O.B BRIDGE,21.233142,72.863284,4.218
7,HANSA KOSAD DEPOT,21.25819505,72.84828542,20,ADAJAN GSRTC,21.198617,72.808339,9.441
7,HANSA KOSAD DEPOT,21.25819505,72.84828542,21,MOTI VED,21.247717,72.813321,7.926
7,HANSA KOSAD DEPOT,21.25819505,72.84828542,22,LAMBE HANUMAN TEMPLE,21.204553,72.843553,8.962
7,HANSA KOSAD DEPOT,21.25819505,72.84828542,23,KATHOR GAAM,21.289928,72.937562,12.685
7,HANSA KOSAD DEPOT,21.25819505,72.84828542,24,HARIDARSHAN RESIDENCY,21.325451,72.903202,13.019
7,HANSA KOSAD DEPOT,21.25819505,72.84828542,25,RAMVATIKA SOCIETY,21.31169,72.908634,12.576
7,HANSA KOSAD DEPOT,21.25819505,72.84828542,26,VRUKSHLAXMI SOCIETY,21.142013,72.882566,18.642
7,HANSA KOSAD DEPOT,21.25819505,72.84828542,27,CHIKU WADI,21.151202,72.837255,16.155
7,HANSA KOSAD DEPOT,21.25819505,72.84828542,28,ABHVA GAAM,21.116789,72.770046,23.3
7,HANSA KOSAD DEPOT,21.25819505,72.84828542,29,ISKCON CIRCLE,21.237125,72.789451,8.835
7,HANSA KOSAD DEPOT,21.25819505,72.84828542,30,EKTA NAGAR,21.204323,72.782368,13.309
7,HANSA KOSAD DEPOT,21.25819505,72.84828542,31,VIVEKANAND COLLEGE,21.248605,72.784978,8.516
7,HANSA KOSAD DEPOT,21.25819505,72.84828542,32,KOSAD GAM,21.254171,72.862777,1.615
7,HANSA KOSAD DEPOT,21.25819505,72.84828542,33,BHARTHANA,21.152835,72.797525,17.174
7,HANSA KOSAD DEPOT,21.25819505,72.84828542,34,KHAJOD GAM (VIA BHIMRAD GAAM),21.117303,72.790012,20.659
7,HANSA KOSAD DEPOT,21.25819505,72.84828542,35,KHAJOD GAM,21.117303,72.790012,20.659
7,HANSA KOSAD DEPOT,21.25819505,72.84828542,36,PALANPUR DEPOT TERMINAL,21.20493,72.775115,13.884
7,HANSA KOSAD DEPOT,21.25819505,72.84828542,37,AMROLI CROSS ROAD,21.241503,72.851484,2.196
7,HANSA KOSAD DEPOT,21.25819505,72.84828542,38,KOSAD FIRE STATION,21.247589,72.851312,1.664
7,HANSA KOSAD DEPOT,21.25819505,72.84828542,39,SAYAN RAILWAY STATION,21.316645,72.889057,9.936
7,HANSA KOSAD DEPOT,21.25819505,72.84828542,40,SOMESHWAR JUNCTION,21.153743,72.779742,18.113
7,HANSA KOSAD DEPOT,21.25819505,72.84828542,41,RANDER GAAM,21.218675,72.795963,11.224
7,HANSA KOSAD DEPOT,21.25819505,72.84828542,42,SURAT AIRPORT,21.123688,72.738732,21.715
7,HANSA KOSAD DEPOT,21.25819505,72.84828542,43,KAVI SHREE AMRUT GHAYAL SCHOOL VARIAV,21.260465,72.820787,4.087
7,HANSA KOSAD DEPOT,21.25819505,72.84828542,44,GREEN CITY BHATHA,21.188631,72.765808,15.322
7,HANSA KOSAD DEPOT,21.25819505,72.84828542,45,UMRA HEALTH CENTRE,21.171952,72.779688,14.343
7,HANSA KOSAD DEPOT,21.25819505,72.84828542,46,KAPODARA,21.219189,72.875916,7.455
7,HANSA KOSAD DEPOT,21.25819505,72.84828542,47,MAKKAIPOOL TERMINAL,21.192449,72.81622,10.241
7,HANSA KOSAD DEPOT,21.25819505,72.84828542,48,SMC NORTH ZONE,21.231699,72.838223,4.07
7,HANSA KOSAD DEPOT,21.25819505,72.84828542,49,RAJ EMPIRE GODADARA,21.174978,72.872079,14.028
7,HANSA KOSAD DEPOT,21.25819505,72.84828542,50,CHOWK,21.193478,72.817846,9.915
7,HANSA KOSAD DEPOT,21.25819505,72.84828542,51,GABHENI GAAM,21.086595,72.828711,24.483
7,HANSA KOSAD DEPOT,21.25819505,72.84828542,52,LAJPORE JAIL,21.073492,72.889242,25.478
7,HANSA KOSAD DEPOT,21.25819505,72.84828542,53,UNN INDUSTRIAL ESTATE,21.115826,72.859686,19.509
7,HANSA KOSAD DEPOT,21.25819505,72.84828542,54,DUMAS LANGAR,21.084347,72.719351,26.576
7,HANSA KOSAD DEPOT,21.25819505,72.84828542,55,VAISHNODEVI SKY D,21.241879,72.773521,9.499
7,HANSA KOSAD DEPOT,21.25819505,72.84828542,56,DR S.P MUKHER BRID,21.233518,72.804304,7.798
7,HANSA KOSAD DEPOT,21.25819505,72.84828542,57,variav gaam,21.259901,72.817796,4.464
7,HANSA KOSAD DEPOT,21.25819505,72.84828542,58,PURUSHOTTAM NAGAR ,21.233469,72.905706,10.009
7,HANSA KOSAD DEPOT,21.25819505,72.84828542,59,BHIMPORE,21.080944,72.723869,27.195
7,HANSA KOSAD DEPOT,21.25819505,72.84828542,60,BHESAN GAAM,21.215558,72.754277,13.925
7,HANSA KOSAD DEPOT,21.25819505,72.84828542,61,MAKKAI POOL U,21.192293,72.815777,11.184
7,HANSA KOSAD DEPOT,21.25819505,72.84828542,62,SARVODAY VIDHYALAY SEGVACHHAMA,21.220116,72.739943,14.617
7,HANSA KOSAD DEPOT,21.25819505,72.84828542,63,V.N.S.G. UNIVERSITY,21.155067,72.783131,17.926
7,HANSA KOSAD DEPOT,21.25819505,72.84828542,64,SUMAN DARSHAN,21.223193,72.808139,8.382
7,HANSA KOSAD DEPOT,21.25819505,72.84828542,65,MANGAL PANDEY HALL GODADARA,21.166307,72.870658,15.04
7,HANSA KOSAD DEPOT,21.25819505,72.84828542,66,DABHOLI GAAM APPROACH,21.236603,72.807822,7.936
7,HANSA KOSAD DEPOT,21.25819505,72.84828542,67,KHARWARNAGAR BRT,21.177901,72.834178,13.42
7,HANSA KOSAD DEPOT,21.25819505,72.84828542,68,BHESTAN GARDEN TERMINAL,21.125847,72.85233,18.518
1,PAL DEPOT,21.18460797,72.7903654,1,UDHNA DARWAZA,21.182516,72.831382,6.251
7,HANSA KOSAD DEPOT,21.25819505,72.84828542,69,VINDESHWAR MAHADEV TEMPLE,21.137532,72.817753,19.505
7,HANSA KOSAD DEPOT,21.25819505,72.84828542,70,UTRAN RAILWAY STATION,21.232961,72.853939,3.669
7,HANSA KOSAD DEPOT,21.25819505,72.84828542,71,MAGOB GAM,21.19016,72.868282,12.056
7,HANSA KOSAD DEPOT,21.25819505,72.84828542,72,SMC WARD OFFICE LIMBAYAT,21.165783,72.857522,15.327
7,HANSA KOSAD DEPOT,21.25819505,72.84828542,73,ROYAL TOWNSHIP,21.246464,72.909711,9.01
7,HANSA KOSAD DEPOT,21.25819505,72.84828542,74,UTRAN LAKE GARDEN,21.23088,72.85648,4.169
7,HANSA KOSAD DEPOT,21.25819505,72.84828542,75,AMEZIA AMUZEMENT PARK,21.192617,72.86656,12.59
7,HANSA KOSAD DEPOT,21.25819505,72.84828542,76,BAMROLI,21.1389,72.8262,19.42
7,HANSA KOSAD DEPOT,21.25819505,72.84828542,77,BUDIYA GAAM U,21.101126,72.819533,23.303
7,HANSA KOSAD DEPOT,21.25819505,72.84828542,78,BUDIYA GAAM D,21.112388,72.829215,21.957
7,HANSA KOSAD DEPOT,21.25819505,72.84828542,79,BUDIYA GAAM CHOKDI,21.112388,72.829215,21.957
7,HANSA KOSAD DEPOT,21.25819505,72.84828542,80,SUNRISE VIDYALAY DINDOLI,21.158775,72.878728,18.433
7,HANSA KOSAD DEPOT,21.25819505,72.84828542,81,VESU GAAM,21.142237,72.777551,19.968
7,HANSA KOSAD DEPOT,21.25819505,72.84828542,82,ADAJAN G.S.R.T.C.,21.198617,72.808339,9.441
7,HANSA KOSAD DEPOT,21.25819505,72.84828542,83,PAL PATIYA,21.183238,72.779908,13.048
7,HANSA KOSAD DEPOT,21.25819505,72.84828542,84,MORA CHAR RASTA,21.178537,72.659226,29.122
7,HANSA KOSAD DEPOT,21.25819505,72.84828542,85,SAI PUJAN RESIDENCY,21.242961,72.784667,9.087
7,HANSA KOSAD DEPOT,21.25819505,72.84828542,86,GAIL INDIA LTD VIP ROAD D,21.136884,72.758699,20.165
7,HANSA KOSAD DEPOT,21.25819505,72.84828542,87,SHREE GYANJYOT VIDHYALAY,21.236575,72.938701,11.657
7,HANSA KOSAD DEPOT,21.25819505,72.84828542,88,SATYAM RESIDENCY PUNA GAAM,21.214186,72.881542,8.593
8,HANSA PUNA DEPOT,21.21509807,72.88120791,1,UDHNA DARWAZA,21.182516,72.831382,8.843
8,HANSA PUNA DEPOT,21.21509807,72.88120791,2,SACHIN G.I.D.C.,21.103452,72.865027,15.231
8,HANSA PUNA DEPOT,21.21509807,72.88120791,3,SARTHANA NATURE PARK BRT,21.229727,72.899562,3.258
8,HANSA PUNA DEPOT,21.21509807,72.88120791,4,KHARWAR NAGAR,21.177901,72.834178,10.05
8,HANSA PUNA DEPOT,21.21509807,72.88120791,5,ONGC COLONY,21.13884,72.751748,18.781
8,HANSA PUNA DEPOT,21.21509807,72.88120791,6,SANJEEVKUMAR AUDITORIUM,21.183125,72.786039,13.744
8,HANSA PUNA DEPOT,21.21509807,72.88120791,7,JAHANGIRPURA COMMUNITY HALL,21.228113,72.790158,11.858
8,HANSA PUNA DEPOT,21.21509807,72.88120791,8,KADODARA,21.17316,72.958438,11.159
8,HANSA PUNA DEPOT,21.21509807,72.88120791,9,AMAZIA AMUSEMENT PARK BRT,21.192617,72.86656,3.45
8,HANSA PUNA DEPOT,21.21509807,72.88120791,10,KOSAD EWS H2,21.255512,72.85406,10.055
8,HANSA PUNA DEPOT,21.21509807,72.88120791,11,ALTHAN DEPOT/TERMINAL,21.148815,72.808763,13.176
8,HANSA PUNA DEPOT,21.21509807,72.88120791,12,PANDESARA G.I.D.C.,21.144149,72.847995,10.756
8,HANSA PUNA DEPOT,21.21509807,72.88120791,13,PARVAT GAM,21.180797,72.866743,5.354
8,HANSA PUNA DEPOT,21.21509807,72.88120791,14,KOSAD DEPOT TERMINAL,21.257428,72.8476,9.655
8,HANSA PUNA DEPOT,21.21509807,72.88120791,15,KAMREJ TERMINAL,21.268535,72.956475,10.695
8,HANSA PUNA DEPOT,21.21509807,72.88120791,16,RAILWAY STATION TER,21.204733,72.840269,5.866
8,HANSA PUNA DEPOT,21.21509807,72.88120791,17,PAL R.T.O.,21.182332,72.78094,14.473
8,HANSA PUNA DEPOT,21.21509807,72.88120791,18,SACHIN RAILWAY STATION,21.078932,72.874206,19.799
8,HANSA PUNA DEPOT,21.21509807,72.88120791,19,UTRAN-R.O.B BRIDGE,21.233142,72.863284,4.738
8,HANSA PUNA DEPOT,21.21509807,72.88120791,20,ADAJAN GSRTC,21.198617,72.808339,11.593
8,HANSA PUNA DEPOT,21.21509807,72.88120791,21,MOTI VED,21.247717,72.813321,10.736
8,HANSA PUNA DEPOT,21.21509807,72.88120791,22,LAMBE HANUMAN TEMPLE,21.204553,72.843553,6.036
8,HANSA PUNA DEPOT,21.21509807,72.88120791,23,KATHOR GAAM,21.289928,72.937562,13.234
8,HANSA PUNA DEPOT,21.21509807,72.88120791,24,HARIDARSHAN RESIDENCY,21.325451,72.903202,22.694
8,HANSA PUNA DEPOT,21.21509807,72.88120791,25,RAMVATIKA SOCIETY,21.31169,72.908634,15.302
8,HANSA PUNA DEPOT,21.21509807,72.88120791,26,VRUKSHLAXMI SOCIETY,21.142013,72.882566,9.575
8,HANSA PUNA DEPOT,21.21509807,72.88120791,27,CHIKU WADI,21.151202,72.837255,12.784
8,HANSA PUNA DEPOT,21.21509807,72.88120791,28,ABHVA GAAM,21.116789,72.770046,19.929
8,HANSA PUNA DEPOT,21.21509807,72.88120791,29,ISKCON CIRCLE,21.237125,72.789451,16.992
8,HANSA PUNA DEPOT,21.21509807,72.88120791,30,EKTA NAGAR,21.204323,72.782368,14.843
8,HANSA PUNA DEPOT,21.21509807,72.88120791,31,VIVEKANAND COLLEGE,21.248605,72.784978,17.917
8,HANSA PUNA DEPOT,21.21509807,72.88120791,32,KOSAD GAM,21.254171,72.862777,9.169
8,HANSA PUNA DEPOT,21.21509807,72.88120791,33,BHARTHANA,21.152835,72.797525,13.803
8,HANSA PUNA DEPOT,21.21509807,72.88120791,34,KHAJOD GAM (VIA BHIMRAD GAAM),21.117303,72.790012,17.288
8,HANSA PUNA DEPOT,21.21509807,72.88120791,35,KHAJOD GAM,21.117303,72.790012,17.288
8,HANSA PUNA DEPOT,21.21509807,72.88120791,36,PALANPUR DEPOT TERMINAL,21.20493,72.775115,15.51
8,HANSA PUNA DEPOT,21.21509807,72.88120791,37,AMROLI CROSS ROAD,21.241503,72.851484,6.709
8,HANSA PUNA DEPOT,21.21509807,72.88120791,38,KOSAD FIRE STATION,21.247589,72.851312,8.498
8,HANSA PUNA DEPOT,21.21509807,72.88120791,39,SAYAN RAILWAY STATION,21.316645,72.889057,19.61
8,HANSA PUNA DEPOT,21.21509807,72.88120791,40,SOMESHWAR JUNCTION,21.153743,72.779742,14.743
8,HANSA PUNA DEPOT,21.21509807,72.88120791,41,RANDER GAAM,21.218675,72.795963,13.376
8,HANSA PUNA DEPOT,21.21509807,72.88120791,42,SURAT AIRPORT,21.123688,72.738732,20.72
8,HANSA PUNA DEPOT,21.21509807,72.88120791,43,KAVI SHREE AMRUT GHAYAL SCHOOL VARIAV,21.260465,72.820787,12.379
8,HANSA PUNA DEPOT,21.21509807,72.88120791,44,GREEN CITY BHATHA,21.188631,72.765808,16.774
8,HANSA PUNA DEPOT,21.21509807,72.88120791,45,UMRA HEALTH CENTRE,21.171952,72.779688,14.497
8,HANSA PUNA DEPOT,21.21509807,72.88120791,46,KAPODARA,21.219189,72.875916,1.752
8,HANSA PUNA DEPOT,21.21509807,72.88120791,47,MAKKAIPOOL TERMINAL,21.192449,72.81622,10.17
8,HANSA PUNA DEPOT,21.21509807,72.88120791,48,SMC NORTH ZONE,21.231699,72.838223,6.153
8,HANSA PUNA DEPOT,21.21509807,72.88120791,49,RAJ EMPIRE GODADARA,21.174978,72.872079,5.37
8,HANSA PUNA DEPOT,21.21509807,72.88120791,50,CHOWK,21.193478,72.817846,9.23
8,HANSA PUNA DEPOT,21.21509807,72.88120791,51,GABHENI GAAM,21.086595,72.828711,18.72
8,HANSA PUNA DEPOT,21.21509807,72.88120791,52,LAJPORE JAIL,21.073492,72.889242,19.597
8,HANSA PUNA DEPOT,21.21509807,72.88120791,53,UNN INDUSTRIAL ESTATE,21.115826,72.859686,13.746
8,HANSA PUNA DEPOT,21.21509807,72.88120791,54,DUMAS LANGAR,21.084347,72.719351,25.581
8,HANSA PUNA DEPOT,21.21509807,72.88120791,55,VAISHNODEVI SKY D,21.241879,72.773521,18.132
8,HANSA PUNA DEPOT,21.21509807,72.88120791,56,DR S.P MUKHER BRID,21.233518,72.804304,9.881
8,HANSA PUNA DEPOT,21.21509807,72.88120791,57,variav gaam,21.259901,72.817796,12.755
8,HANSA PUNA DEPOT,21.21509807,72.88120791,58,PURUSHOTTAM NAGAR ,21.233469,72.905706,3.886
8,HANSA PUNA DEPOT,21.21509807,72.88120791,59,BHIMPORE,21.080944,72.723869,26.201
8,HANSA PUNA DEPOT,21.21509807,72.88120791,60,BHESAN GAAM,21.215558,72.754277,18.67
8,HANSA PUNA DEPOT,21.21509807,72.88120791,61,MAKKAI POOL U,21.192293,72.815777,11.482
8,HANSA PUNA DEPOT,21.21509807,72.88120791,62,SARVODAY VIDHYALAY SEGVACHHAMA,21.220116,72.739943,20.379
8,HANSA PUNA DEPOT,21.21509807,72.88120791,63,V.N.S.G. UNIVERSITY,21.155067,72.783131,14.555
8,HANSA PUNA DEPOT,21.21509807,72.88120791,64,SUMAN DARSHAN,21.223193,72.808139,10.093
8,HANSA PUNA DEPOT,21.21509807,72.88120791,65,MANGAL PANDEY HALL GODADARA,21.166307,72.870658,6.382
8,HANSA PUNA DEPOT,21.21509807,72.88120791,66,DABHOLI GAAM APPROACH,21.236603,72.807822,10.018
8,HANSA PUNA DEPOT,21.21509807,72.88120791,67,KHARWARNAGAR BRT,21.177901,72.834178,10.05
8,HANSA PUNA DEPOT,21.21509807,72.88120791,68,BHESTAN GARDEN TERMINAL,21.125847,72.85233,12.755
8,HANSA PUNA DEPOT,21.21509807,72.88120791,69,VINDESHWAR MAHADEV TEMPLE,21.137532,72.817753,16.134
8,HANSA PUNA DEPOT,21.21509807,72.88120791,70,UTRAN RAILWAY STATION,21.232961,72.853939,7.425
8,HANSA PUNA DEPOT,21.21509807,72.88120791,71,MAGOB GAM,21.19016,72.868282,3.738
8,HANSA PUNA DEPOT,21.21509807,72.88120791,72,SMC WARD OFFICE LIMBAYAT,21.165783,72.857522,7.061
8,HANSA PUNA DEPOT,21.21509807,72.88120791,73,ROYAL TOWNSHIP,21.246464,72.909711,5.758
8,HANSA PUNA DEPOT,21.21509807,72.88120791,74,UTRAN LAKE GARDEN,21.23088,72.85648,5.584
8,HANSA PUNA DEPOT,21.21509807,72.88120791,75,AMEZIA AMUZEMENT PARK,21.192617,72.86656,3.45
8,HANSA PUNA DEPOT,21.21509807,72.88120791,76,BAMROLI,21.1389,72.8262,16.05
8,HANSA PUNA DEPOT,21.21509807,72.88120791,77,BUDIYA GAAM U,21.101126,72.819533,17.54
8,HANSA PUNA DEPOT,21.21509807,72.88120791,78,BUDIYA GAAM D,21.112388,72.829215,16.194
8,HANSA PUNA DEPOT,21.21509807,72.88120791,79,BUDIYA GAAM CHOKDI,21.112388,72.829215,16.194
8,HANSA PUNA DEPOT,21.21509807,72.88120791,80,SUNRISE VIDYALAY DINDOLI,21.158775,72.878728,8.201
8,HANSA PUNA DEPOT,21.21509807,72.88120791,81,VESU GAAM,21.142237,72.777551,16.598
8,HANSA PUNA DEPOT,21.21509807,72.88120791,82,ADAJAN G.S.R.T.C.,21.198617,72.808339,11.593
8,HANSA PUNA DEPOT,21.21509807,72.88120791,83,PAL PATIYA,21.183238,72.779908,14.5
8,HANSA PUNA DEPOT,21.21509807,72.88120791,84,MORA CHAR RASTA,21.178537,72.659226,30.574
8,HANSA PUNA DEPOT,21.21509807,72.88120791,85,SAI PUJAN RESIDENCY,21.242961,72.784667,17.846
8,HANSA PUNA DEPOT,21.21509807,72.88120791,86,GAIL INDIA LTD VIP ROAD D,21.136884,72.758699,19.17
8,HANSA PUNA DEPOT,21.21509807,72.88120791,87,SHREE GYANJYOT VIDHYALAY,21.236575,72.938701,7.407
8,HANSA PUNA DEPOT,21.21509807,72.88120791,88,SATYAM RESIDENCY PUNA GAAM,21.214186,72.881542,0.181
9,VIP ROAD DEPOT,21.1378239,72.76298164,1,UDHNA DARWAZA,21.182516,72.831382,9.678
9,VIP ROAD DEPOT,21.1378239,72.76298164,2,SACHIN G.I.D.C.,21.103452,72.865027,12.809
9,VIP ROAD DEPOT,21.1378239,72.76298164,3,SARTHANA NATURE PARK BRT,21.229727,72.899562,20.44
9,VIP ROAD DEPOT,21.1378239,72.76298164,4,KHARWAR NAGAR,21.177901,72.834178,10.634
9,VIP ROAD DEPOT,21.1378239,72.76298164,5,ONGC COLONY,21.13884,72.751748,2.122
9,VIP ROAD DEPOT,21.1378239,72.76298164,6,SANJEEVKUMAR AUDITORIUM,21.183125,72.786039,7.451
9,VIP ROAD DEPOT,21.1378239,72.76298164,7,JAHANGIRPURA COMMUNITY HALL,21.228113,72.790158,13.281
9,VIP ROAD DEPOT,21.1378239,72.76298164,8,KADODARA,21.17316,72.958438,23.89
9,VIP ROAD DEPOT,21.1378239,72.76298164,9,AMAZIA AMUSEMENT PARK BRT,21.192617,72.86656,14.756
9,VIP ROAD DEPOT,21.1378239,72.76298164,10,KOSAD EWS H2,21.255512,72.85406,20.927
9,VIP ROAD DEPOT,21.1378239,72.76298164,11,ALTHAN DEPOT/TERMINAL,21.148815,72.808763,5.37
9,VIP ROAD DEPOT,21.1378239,72.76298164,12,PANDESARA G.I.D.C.,21.144149,72.847995,10.096
9,VIP ROAD DEPOT,21.1378239,72.76298164,13,PARVAT GAM,21.180797,72.866743,13.662
9,VIP ROAD DEPOT,21.1378239,72.76298164,14,KOSAD DEPOT TERMINAL,21.257428,72.8476,20.527
9,VIP ROAD DEPOT,21.1378239,72.76298164,15,KAMREJ TERMINAL,21.268535,72.956475,27.923
9,VIP ROAD DEPOT,21.1378239,72.76298164,16,RAILWAY STATION TER,21.204733,72.840269,13.186
9,VIP ROAD DEPOT,21.1378239,72.76298164,17,PAL R.T.O.,21.182332,72.78094,6.686
9,VIP ROAD DEPOT,21.1378239,72.76298164,18,SACHIN RAILWAY STATION,21.078932,72.874206,16.605
9,VIP ROAD DEPOT,21.1378239,72.76298164,19,UTRAN-R.O.B BRIDGE,21.233142,72.863284,20.115
9,VIP ROAD DEPOT,21.1378239,72.76298164,20,ADAJAN GSRTC,21.198617,72.808339,9.918
9,VIP ROAD DEPOT,21.1378239,72.76298164,21,MOTI VED,21.247717,72.813321,17.852
9,VIP ROAD DEPOT,21.1378239,72.76298164,22,LAMBE HANUMAN TEMPLE,21.204553,72.843553,13.716
9,VIP ROAD DEPOT,21.1378239,72.76298164,23,KATHOR GAAM,21.289928,72.937562,33.232
9,VIP ROAD DEPOT,21.1378239,72.76298164,24,HARIDARSHAN RESIDENCY,21.325451,72.903202,33.566
9,VIP ROAD DEPOT,21.1378239,72.76298164,25,RAMVATIKA SOCIETY,21.31169,72.908634,33.123
9,VIP ROAD DEPOT,21.1378239,72.76298164,26,VRUKSHLAXMI SOCIETY,21.142013,72.882566,13.744
9,VIP ROAD DEPOT,21.1378239,72.76298164,27,CHIKU WADI,21.151202,72.837255,8.003
9,VIP ROAD DEPOT,21.1378239,72.76298164,28,ABHVA GAAM,21.116789,72.770046,3.047
9,VIP ROAD DEPOT,21.1378239,72.76298164,29,ISKCON CIRCLE,21.237125,72.789451,14.73
9,VIP ROAD DEPOT,21.1378239,72.76298164,30,EKTA NAGAR,21.204323,72.782368,10.146
9,VIP ROAD DEPOT,21.1378239,72.76298164,31,VIVEKANAND COLLEGE,21.248605,72.784978,15.656
9,VIP ROAD DEPOT,21.1378239,72.76298164,32,KOSAD GAM,21.254171,72.862777,21.365
9,VIP ROAD DEPOT,21.1378239,72.76298164,33,BHARTHANA,21.152835,72.797525,4.761
9,VIP ROAD DEPOT,21.1378239,72.76298164,34,KHAJOD GAM (VIA BHIMRAD GAAM),21.117303,72.790012,4.83
9,VIP ROAD DEPOT,21.1378239,72.76298164,35,KHAJOD GAM,21.117303,72.790012,4.83
9,VIP ROAD DEPOT,21.1378239,72.76298164,36,PALANPUR DEPOT TERMINAL,21.20493,72.775115,9.309
9,VIP ROAD DEPOT,21.1378239,72.76298164,37,AMROLI CROSS ROAD,21.241503,72.851484,18.785
9,VIP ROAD DEPOT,21.1378239,72.76298164,38,KOSAD FIRE STATION,21.247589,72.851312,19.37
9,VIP ROAD DEPOT,21.1378239,72.76298164,39,SAYAN RAILWAY STATION,21.316645,72.889057,30.482
9,VIP ROAD DEPOT,21.1378239,72.76298164,40,SOMESHWAR JUNCTION,21.153743,72.779742,3.196
9,VIP ROAD DEPOT,21.1378239,72.76298164,41,RANDER GAAM,21.218675,72.795963,12.46
9,VIP ROAD DEPOT,21.1378239,72.76298164,42,SURAT AIRPORT,21.123688,72.738732,4.062
9,VIP ROAD DEPOT,21.1378239,72.76298164,43,KAVI SHREE AMRUT GHAYAL SCHOOL VARIAV,21.260465,72.820787,20.067
9,VIP ROAD DEPOT,21.1378239,72.76298164,44,GREEN CITY BHATHA,21.188631,72.765808,8.987
9,VIP ROAD DEPOT,21.1378239,72.76298164,45,UMRA HEALTH CENTRE,21.171952,72.779688,5.617
9,VIP ROAD DEPOT,21.1378239,72.76298164,46,KAPODARA,21.219189,72.875916,17.738
9,VIP ROAD DEPOT,21.1378239,72.76298164,47,MAKKAIPOOL TERMINAL,21.192449,72.81622,9.471
9,VIP ROAD DEPOT,21.1378239,72.76298164,48,SMC NORTH ZONE,21.231699,72.838223,17.025
9,VIP ROAD DEPOT,21.1378239,72.76298164,49,RAJ EMPIRE GODADARA,21.174978,72.872079,14.313
9,VIP ROAD DEPOT,21.1378239,72.76298164,50,CHOWK,21.193478,72.817846,9.828
9,VIP ROAD DEPOT,21.1378239,72.76298164,51,GABHENI GAAM,21.086595,72.828711,14.026
9,VIP ROAD DEPOT,21.1378239,72.76298164,52,LAJPORE JAIL,21.073492,72.889242,18.846
9,VIP ROAD DEPOT,21.1378239,72.76298164,53,UNN INDUSTRIAL ESTATE,21.115826,72.859686,12.815
9,VIP ROAD DEPOT,21.1378239,72.76298164,54,DUMAS LANGAR,21.084347,72.719351,8.922
9,VIP ROAD DEPOT,21.1378239,72.76298164,55,VAISHNODEVI SKY D,21.241879,72.773521,13.946
9,VIP ROAD DEPOT,21.1378239,72.76298164,56,DR S.P MUKHER BRID,21.233518,72.804304,15.615
9,VIP ROAD DEPOT,21.1378239,72.76298164,57,variav gaam,21.259901,72.817796,19.534
9,VIP ROAD DEPOT,21.1378239,72.76298164,58,PURUSHOTTAM NAGAR ,21.233469,72.905706,21.107
9,VIP ROAD DEPOT,21.1378239,72.76298164,59,BHIMPORE,21.080944,72.723869,9.542
9,VIP ROAD DEPOT,21.1378239,72.76298164,60,BHESAN GAAM,21.215558,72.754277,13.337
9,VIP ROAD DEPOT,21.1378239,72.76298164,61,MAKKAI POOL U,21.192293,72.815777,9.339
9,VIP ROAD DEPOT,21.1378239,72.76298164,62,SARVODAY VIDHYALAY SEGVACHHAMA,21.220116,72.739943,14.014
9,VIP ROAD DEPOT,21.1378239,72.76298164,63,V.N.S.G. UNIVERSITY,21.155067,72.783131,3.407
9,VIP ROAD DEPOT,21.1378239,72.76298164,64,SUMAN DARSHAN,21.223193,72.808139,15.691
9,VIP ROAD DEPOT,21.1378239,72.76298164,65,MANGAL PANDEY HALL GODADARA,21.166307,72.870658,13.522
9,VIP ROAD DEPOT,21.1378239,72.76298164,66,DABHOLI GAAM APPROACH,21.236603,72.807822,15.726
9,VIP ROAD DEPOT,21.1378239,72.76298164,67,KHARWARNAGAR BRT,21.177901,72.834178,10.634
9,VIP ROAD DEPOT,21.1378239,72.76298164,68,BHESTAN GARDEN TERMINAL,21.125847,72.85233,11.361
9,VIP ROAD DEPOT,21.1378239,72.76298164,69,VINDESHWAR MAHADEV TEMPLE,21.137532,72.817753,6.373
9,VIP ROAD DEPOT,21.1378239,72.76298164,70,UTRAN RAILWAY STATION,21.232961,72.853939,19.158
9,VIP ROAD DEPOT,21.1378239,72.76298164,71,MAGOB GAM,21.19016,72.868282,14.223
9,VIP ROAD DEPOT,21.1378239,72.76298164,72,SMC WARD OFFICE LIMBAYAT,21.165783,72.857522,13.253
9,VIP ROAD DEPOT,21.1378239,72.76298164,73,ROYAL TOWNSHIP,21.246464,72.909711,22.986
9,VIP ROAD DEPOT,21.1378239,72.76298164,74,UTRAN LAKE GARDEN,21.23088,72.85648,20.066
9,VIP ROAD DEPOT,21.1378239,72.76298164,75,AMEZIA AMUZEMENT PARK,21.192617,72.86656,14.756
9,VIP ROAD DEPOT,21.1378239,72.76298164,76,BAMROLI,21.1389,72.8262,8.592
9,VIP ROAD DEPOT,21.1378239,72.76298164,77,BUDIYA GAAM U,21.101126,72.819533,9.99
9,VIP ROAD DEPOT,21.1378239,72.76298164,78,BUDIYA GAAM D,21.112388,72.829215,8.644
9,VIP ROAD DEPOT,21.1378239,72.76298164,79,BUDIYA GAAM CHOKDI,21.112388,72.829215,8.644
9,VIP ROAD DEPOT,21.1378239,72.76298164,80,SUNRISE VIDYALAY DINDOLI,21.158775,72.878728,13.535
9,VIP ROAD DEPOT,21.1378239,72.76298164,81,VESU GAAM,21.142237,72.777551,1.848
9,VIP ROAD DEPOT,21.1378239,72.76298164,82,ADAJAN G.S.R.T.C.,21.198617,72.808339,9.918
9,VIP ROAD DEPOT,21.1378239,72.76298164,83,PAL PATIYA,21.183238,72.779908,6.713
9,VIP ROAD DEPOT,21.1378239,72.76298164,84,MORA CHAR RASTA,21.178537,72.659226,15.332
9,VIP ROAD DEPOT,21.1378239,72.76298164,85,SAI PUJAN RESIDENCY,21.242961,72.784667,15.585
9,VIP ROAD DEPOT,21.1378239,72.76298164,86,GAIL INDIA LTD VIP ROAD D,21.136884,72.758699,1.372
9,VIP ROAD DEPOT,21.1378239,72.76298164,87,SHREE GYANJYOT VIDHYALAY,21.236575,72.938701,24.425
9,VIP ROAD DEPOT,21.1378239,72.76298164,88,SATYAM RESIDENCY PUNA GAAM,21.214186,72.881542,17.495
10,BHESTAN GARDEN,21.12488142,72.85197601,1,UDHNA DARWAZA,21.182516,72.831382,7.72
10,BHESTAN GARDEN,21.12488142,72.85197601,2,SACHIN G.I.D.C.,21.103452,72.865027,3.722
10,BHESTAN GARDEN,21.12488142,72.85197601,3,SARTHANA NATURE PARK BRT,21.229727,72.899562,16.299
10,BHESTAN GARDEN,21.12488142,72.85197601,4,KHARWAR NAGAR,21.177901,72.834178,7.049
10,BHESTAN GARDEN,21.12488142,72.85197601,5,ONGC COLONY,21.13884,72.751748,11.817
10,BHESTAN GARDEN,21.12488142,72.85197601,6,SANJEEVKUMAR AUDITORIUM,21.183125,72.786039,13.485
10,BHESTAN GARDEN,21.12488142,72.85197601,7,JAHANGIRPURA COMMUNITY HALL,21.228113,72.790158,15.743
10,BHESTAN GARDEN,21.12488142,72.85197601,8,KADODARA,21.17316,72.958438,19.355
10,BHESTAN GARDEN,21.12488142,72.85197601,9,AMAZIA AMUSEMENT PARK BRT,21.192617,72.86656,10.545
10,BHESTAN GARDEN,21.12488142,72.85197601,10,KOSAD EWS H2,21.255512,72.85406,19.223
10,BHESTAN GARDEN,21.12488142,72.85197601,11,ALTHAN DEPOT/TERMINAL,21.148815,72.808763,8.991
10,BHESTAN GARDEN,21.12488142,72.85197601,12,PANDESARA G.I.D.C.,21.144149,72.847995,3.281
10,BHESTAN GARDEN,21.12488142,72.85197601,13,PARVAT GAM,21.180797,72.866743,9.21
10,BHESTAN GARDEN,21.12488142,72.85197601,14,KOSAD DEPOT TERMINAL,21.257428,72.8476,18.824
10,BHESTAN GARDEN,21.12488142,72.85197601,15,KAMREJ TERMINAL,21.268535,72.956475,23.782
10,BHESTAN GARDEN,21.12488142,72.85197601,16,RAILWAY STATION TER,21.204733,72.840269,11.482
10,BHESTAN GARDEN,21.12488142,72.85197601,17,PAL R.T.O.,21.182332,72.78094,14.214
10,BHESTAN GARDEN,21.12488142,72.85197601,18,SACHIN RAILWAY STATION,21.078932,72.874206,8.29
10,BHESTAN GARDEN,21.12488142,72.85197601,19,UTRAN-R.O.B BRIDGE,21.233142,72.863284,18.411
10,BHESTAN GARDEN,21.12488142,72.85197601,20,ADAJAN GSRTC,21.198617,72.808339,12.38
10,BHESTAN GARDEN,21.12488142,72.85197601,21,MOTI VED,21.247717,72.813321,16.92
10,BHESTAN GARDEN,21.12488142,72.85197601,22,LAMBE HANUMAN TEMPLE,21.204553,72.843553,12.012
10,BHESTAN GARDEN,21.12488142,72.85197601,23,KATHOR GAAM,21.289928,72.937562,31.528
10,BHESTAN GARDEN,21.12488142,72.85197601,24,HARIDARSHAN RESIDENCY,21.325451,72.903202,31.862
10,BHESTAN GARDEN,21.12488142,72.85197601,25,RAMVATIKA SOCIETY,21.31169,72.908634,31.419
10,BHESTAN GARDEN,21.12488142,72.85197601,26,VRUKSHLAXMI SOCIETY,21.142013,72.882566,7.627
10,BHESTAN GARDEN,21.12488142,72.85197601,27,CHIKU WADI,21.151202,72.837255,4.755
10,BHESTAN GARDEN,21.12488142,72.85197601,28,ABHVA GAAM,21.116789,72.770046,9.906
10,BHESTAN GARDEN,21.12488142,72.85197601,29,ISKCON CIRCLE,21.237125,72.789451,17.193
10,BHESTAN GARDEN,21.12488142,72.85197601,30,EKTA NAGAR,21.204323,72.782368,14.585
10,BHESTAN GARDEN,21.12488142,72.85197601,31,VIVEKANAND COLLEGE,21.248605,72.784978,18.118
10,BHESTAN GARDEN,21.12488142,72.85197601,32,KOSAD GAM,21.254171,72.862777,19.661
10,BHESTAN GARDEN,21.12488142,72.85197601,33,BHARTHANA,21.152835,72.797525,9.912
10,BHESTAN GARDEN,21.12488142,72.85197601,34,KHAJOD GAM (VIA BHIMRAD GAAM),21.117303,72.790012,7.265
10,BHESTAN GARDEN,21.12488142,72.85197601,35,KHAJOD GAM,21.117303,72.790012,7.265
10,BHESTAN GARDEN,21.12488142,72.85197601,36,PALANPUR DEPOT TERMINAL,21.20493,72.775115,15.251
10,BHESTAN GARDEN,21.12488142,72.85197601,37,AMROLI CROSS ROAD,21.241503,72.851484,17.081
10,BHESTAN GARDEN,21.12488142,72.85197601,38,KOSAD FIRE STATION,21.247589,72.851312,17.666
10,BHESTAN GARDEN,21.12488142,72.85197601,39,SAYAN RAILWAY STATION,21.316645,72.889057,28.779
10,BHESTAN GARDEN,21.12488142,72.85197601,40,SOMESHWAR JUNCTION,21.153743,72.779742,12.643
10,BHESTAN GARDEN,21.12488142,72.85197601,41,RANDER GAAM,21.218675,72.795963,14.923
10,BHESTAN GARDEN,21.12488142,72.85197601,42,SURAT AIRPORT,21.123688,72.738732,13.757
10,BHESTAN GARDEN,21.12488142,72.85197601,43,KAVI SHREE AMRUT GHAYAL SCHOOL VARIAV,21.260465,72.820787,21.547
10,BHESTAN GARDEN,21.12488142,72.85197601,44,GREEN CITY BHATHA,21.188631,72.765808,16.515
10,BHESTAN GARDEN,21.12488142,72.85197601,45,UMRA HEALTH CENTRE,21.171952,72.779688,14.238
10,BHESTAN GARDEN,21.12488142,72.85197601,46,KAPODARA,21.219189,72.875916,14.054
10,BHESTAN GARDEN,21.12488142,72.85197601,47,MAKKAIPOOL TERMINAL,21.192449,72.81622,9.939
10,BHESTAN GARDEN,21.12488142,72.85197601,48,SMC NORTH ZONE,21.231699,72.838223,15.321
10,BHESTAN GARDEN,21.12488142,72.85197601,49,RAJ EMPIRE GODADARA,21.174978,72.872079,8.195
10,BHESTAN GARDEN,21.12488142,72.85197601,50,CHOWK,21.193478,72.817846,9.836
10,BHESTAN GARDEN,21.12488142,72.85197601,51,GABHENI GAAM,21.086595,72.828711,7.211
10,BHESTAN GARDEN,21.12488142,72.85197601,52,LAJPORE JAIL,21.073492,72.889242,8.206
10,BHESTAN GARDEN,21.12488142,72.85197601,53,UNN INDUSTRIAL ESTATE,21.115826,72.859686,2.237
10,BHESTAN GARDEN,21.12488142,72.85197601,54,DUMAS LANGAR,21.084347,72.719351,18.617
10,BHESTAN GARDEN,21.12488142,72.85197601,55,VAISHNODEVI SKY D,21.241879,72.773521,18.333
10,BHESTAN GARDEN,21.12488142,72.85197601,56,DR S.P MUKHER BRID,21.233518,72.804304,15.484
10,BHESTAN GARDEN,21.12488142,72.85197601,57,variav gaam,21.259901,72.817796,21.923
10,BHESTAN GARDEN,21.12488142,72.85197601,58,PURUSHOTTAM NAGAR ,21.233469,72.905706,16.966
10,BHESTAN GARDEN,21.12488142,72.85197601,59,BHIMPORE,21.080944,72.723869,19.237
10,BHESTAN GARDEN,21.12488142,72.85197601,60,BHESAN GAAM,21.215558,72.754277,18.871
10,BHESTAN GARDEN,21.12488142,72.85197601,61,MAKKAI POOL U,21.192293,72.815777,11.224
10,BHESTAN GARDEN,21.12488142,72.85197601,62,SARVODAY VIDHYALAY SEGVACHHAMA,21.220116,72.739943,20.58
10,BHESTAN GARDEN,21.12488142,72.85197601,63,V.N.S.G. UNIVERSITY,21.155067,72.783131,12.456
10,BHESTAN GARDEN,21.12488142,72.85197601,64,SUMAN DARSHAN,21.223193,72.808139,14.76
10,BHESTAN GARDEN,21.12488142,72.85197601,65,MANGAL PANDEY HALL GODADARA,21.166307,72.870658,7.405
10,BHESTAN GARDEN,21.12488142,72.85197601,66,DABHOLI GAAM APPROACH,21.236603,72.807822,15.598
10,BHESTAN GARDEN,21.12488142,72.85197601,67,KHARWARNAGAR BRT,21.177901,72.834178,7.049
10,BHESTAN GARDEN,21.12488142,72.85197601,68,BHESTAN GARDEN TERMINAL,21.125847,72.85233,0.853
10,BHESTAN GARDEN,21.12488142,72.85197601,69,VINDESHWAR MAHADEV TEMPLE,21.137532,72.817753,5.407
10,BHESTAN GARDEN,21.12488142,72.85197601,70,UTRAN RAILWAY STATION,21.232961,72.853939,17.455
10,BHESTAN GARDEN,21.12488142,72.85197601,71,MAGOB GAM,21.19016,72.868282,9.921
10,BHESTAN GARDEN,21.12488142,72.85197601,72,SMC WARD OFFICE LIMBAYAT,21.165783,72.857522,8.33
10,BHESTAN GARDEN,21.12488142,72.85197601,73,ROYAL TOWNSHIP,21.246464,72.909711,18.845
10,BHESTAN GARDEN,21.12488142,72.85197601,74,UTRAN LAKE GARDEN,21.23088,72.85648,18.362
10,BHESTAN GARDEN,21.12488142,72.85197601,75,AMEZIA AMUZEMENT PARK,21.192617,72.86656,10.545
10,BHESTAN GARDEN,21.12488142,72.85197601,76,BAMROLI,21.1389,72.8262,4.447
10,BHESTAN GARDEN,21.12488142,72.85197601,77,BUDIYA GAAM U,21.101126,72.819533,4.835
10,BHESTAN GARDEN,21.12488142,72.85197601,78,BUDIYA GAAM D,21.112388,72.829215,3.489
10,BHESTAN GARDEN,21.12488142,72.85197601,79,BUDIYA GAAM CHOKDI,21.112388,72.829215,3.489
10,BHESTAN GARDEN,21.12488142,72.85197601,80,SUNRISE VIDYALAY DINDOLI,21.158775,72.878728,7.417
10,BHESTAN GARDEN,21.12488142,72.85197601,81,VESU GAAM,21.142237,72.777551,11.355
10,BHESTAN GARDEN,21.12488142,72.85197601,82,ADAJAN G.S.R.T.C.,21.198617,72.808339,12.38
10,BHESTAN GARDEN,21.12488142,72.85197601,83,PAL PATIYA,21.183238,72.779908,14.242
10,BHESTAN GARDEN,21.12488142,72.85197601,84,MORA CHAR RASTA,21.178537,72.659226,25.02
10,BHESTAN GARDEN,21.12488142,72.85197601,85,SAI PUJAN RESIDENCY,21.242961,72.784667,18.048
10,BHESTAN GARDEN,21.12488142,72.85197601,86,GAIL INDIA LTD VIP ROAD D,21.136884,72.758699,12.626
10,BHESTAN GARDEN,21.12488142,72.85197601,87,SHREE GYANJYOT VIDHYALAY,21.236575,72.938701,20.284
10,BHESTAN GARDEN,21.12488142,72.85197601,88,SATYAM RESIDENCY PUNA GAAM,21.214186,72.881542,13.354
