1,UDHNA DARWAZA,21.182516,72.831382,1,PAL DEPOT,21.18460797,72.7903654,7.72
1,UDHNA DARWAZA,21.182516,72.831382,2,KOSAD DEPOT,21.24719502,72.8535517,10.188
1,UDHNA DARWAZA,21.182516,72.831382,3,LP SAWANI DEPOT,21.20103798,72.77570871,7.327
1,UDHNA DARWAZA,21.182516,72.831382,4,OLECTRA PALANPUR DEPOT,21.20455967,72.77474436,7.663
1,UDHNA DARWAZA,21.182516,72.831382,5,OLECTRA ALTHAN DEPOT,21.15078778,72.80946108,5.418
1,UDHNA DARWAZA,21.182516,72.831382,6,GREENCELL MAGOB DEPOT,21.17989515,72.87771692,6.83
1,UDHNA DARWAZA,21.182516,72.831382,7,HANSA KOSAD DEPOT,21.25819505,72.84828542,11.513
1,UDHNA DARWAZA,21.182516,72.831382,8,HANSA PUNA DEPOT,21.21509807,72.88120791,8.095
1,UDHNA DARWAZA,21.182516,72.831382,9,VIP ROAD DEPOT,21.1378239,72.76298164,10.498
1,UDHNA DARWAZA,21.182516,72.831382,10,BHESTAN GARDEN,21.12488142,72.85197601,7.544
2,SACHIN G.I.D.C.,21.103452,72.865027,1,PAL DEPOT,21.18460797,72.7903654,17.521
2,SACHIN G.I.D.C.,21.103452,72.865027,2,KOSAD DEPOT,21.24719502,72.8535517,20.045
2,SACHIN G.I.D.C.,21.103452,72.865027,3,LP SAWANI DEPOT,21.20103798,72.77570871,17.128
2,SACHIN G.I.D.C.,21.103452,72.865027,4,OLECTRA PALANPUR DEPOT,21.20455967,72.77474436,17.464
2,SACHIN G.I.D.C.,21.103452,72.865027,5,OLECTRA ALTHAN DEPOT,21.15078778,72.80946108,11.41
2,SACHIN G.I.D.C.,21.103452,72.865027,6,GREENCELL MAGOB DEPOT,21.17989515,72.87771692,11.727
2,SACHIN G.I.D.C.,21.103452,72.865027,7,HANSA KOSAD DEPOT,21.25819505,72.84828542,21.37
2,SACHIN G.I.D.C.,21.103452,72.865027,8,HANSA PUNA DEPOT,21.21509807,72.88120791,15.515
2,SACHIN G.I.D.C.,21.103452,72.865027,9,VIP ROAD DEPOT,21.1378239,72.76298164,14.55
2,SACHIN G.I.D.C.,21.103452,72.865027,10,BHESTAN GARDEN,21.12488142,72.85197601,3.558
3,SARTHANA NATURE PARK BRT,21.229727,72.899562,1,PAL DEPOT,21.18460797,72.7903654,18.398
3,SARTHANA NATURE PARK BRT,21.229727,72.899562,2,KOSAD DEPOT,21.24719502,72.8535517,7.943
3,SARTHANA NATURE PARK BRT,21.229727,72.899562,3,LP SAWANI DEPOT,21.20103798,72.77570871,18.004
3,SARTHANA NATURE PARK BRT,21.229727,72.899562,4,OLECTRA PALANPUR DEPOT,21.20455967,72.77474436,16.143
3,SARTHANA NATURE PARK BRT,21.229727,72.899562,5,OLECTRA ALTHAN DEPOT,21.15078778,72.80946108,16.096
3,SARTHANA NATURE PARK BRT,21.229727,72.899562,6,GREENCELL MAGOB DEPOT,21.17989515,72.87771692,8.184
3,SARTHANA NATURE PARK BRT,21.229727,72.899562,7,HANSA KOSAD DEPOT,21.25819505,72.84828542,9.268
3,SARTHANA NATURE PARK BRT,21.229727,72.899562,8,HANSA PUNA DEPOT,21.21509807,72.88120791,3.042
3,SARTHANA NATURE PARK BRT,21.229727,72.899562,9,VIP ROAD DEPOT,21.1378239,72.76298164,21.175
3,SARTHANA NATURE PARK BRT,21.229727,72.899562,10,BHESTAN GARDEN,21.12488142,72.85197601,15.685
4,KHARWAR NAGAR,21.177901,72.834178,1,PAL DEPOT,21.18460797,72.7903654,8.275
4,KHARWAR NAGAR,21.177901,72.834178,2,KOSAD DEPOT,21.24719502,72.8535517,10.799
4,KHARWAR NAGAR,21.177901,72.834178,3,LP SAWANI DEPOT,21.20103798,72.77570871,7.882
4,KHARWAR NAGAR,21.177901,72.834178,4,OLECTRA PALANPUR DEPOT,21.20455967,72.77474436,8.218
4,KHARWAR NAGAR,21.177901,72.834178,5,OLECTRA ALTHAN DEPOT,21.15078778,72.80946108,5.973
4,KHARWAR NAGAR,21.177901,72.834178,6,GREENCELL MAGOB DEPOT,21.17989515,72.87771692,7.441
4,KHARWAR NAGAR,21.177901,72.834178,7,HANSA KOSAD DEPOT,21.25819505,72.84828542,12.124
4,KHARWAR NAGAR,21.177901,72.834178,8,HANSA PUNA DEPOT,21.21509807,72.88120791,8.706
4,KHARWAR NAGAR,21.177901,72.834178,9,VIP ROAD DEPOT,21.1378239,72.76298164,11.053
4,KHARWAR NAGAR,21.177901,72.834178,10,BHESTAN GARDEN,21.12488142,72.85197601,8.155
5,ONGC COLONY,21.13884,72.751748,1,PAL DEPOT,21.18460797,72.7903654,7.791
5,ONGC COLONY,21.13884,72.751748,2,KOSAD DEPOT,21.24719502,72.8535517,17.745
5,ONGC COLONY,21.13884,72.751748,3,LP SAWANI DEPOT,21.20103798,72.77570871,8.984
5,ONGC COLONY,21.13884,72.751748,4,OLECTRA PALANPUR DEPOT,21.20455967,72.77474436,9.32
5,ONGC COLONY,21.13884,72.751748,5,OLECTRA ALTHAN DEPOT,21.15078778,72.80946108,7.063
5,ONGC COLONY,21.13884,72.751748,6,GREENCELL MAGOB DEPOT,21.17989515,72.87771692,17.301
5,ONGC COLONY,21.13884,72.751748,7,HANSA KOSAD DEPOT,21.25819505,72.84828542,19.07
5,ONGC COLONY,21.13884,72.751748,8,HANSA PUNA DEPOT,21.21509807,72.88120791,18.566
5,ONGC COLONY,21.13884,72.751748,9,VIP ROAD DEPOT,21.1378239,72.76298164,1.588
5,ONGC COLONY,21.13884,72.751748,10,BHESTAN GARDEN,21.12488142,72.85197601,12.248
6,SANJEEVKUMAR AUDITORIUM,21.183125,72.786039,1,PAL DEPOT,21.18460797,72.7903654,1.84
6,SANJEEVKUMAR AUDITORIUM,21.183125,72.786039,2,KOSAD DEPOT,21.24719502,72.8535517,11.149
6,SANJEEVKUMAR AUDITORIUM,21.183125,72.786039,3,LP SAWANI DEPOT,21.20103798,72.77570871,3.032
6,SANJEEVKUMAR AUDITORIUM,21.183125,72.786039,4,OLECTRA PALANPUR DEPOT,21.20455967,72.77474436,3.368
6,SANJEEVKUMAR AUDITORIUM,21.183125,72.786039,5,OLECTRA ALTHAN DEPOT,21.15078778,72.80946108,8.774
6,SANJEEVKUMAR AUDITORIUM,21.183125,72.786039,6,GREENCELL MAGOB DEPOT,21.17989515,72.87771692,12.708
6,SANJEEVKUMAR AUDITORIUM,21.183125,72.786039,7,HANSA KOSAD DEPOT,21.25819505,72.84828542,12.474
6,SANJEEVKUMAR AUDITORIUM,21.183125,72.786039,8,HANSA PUNA DEPOT,21.21509807,72.88120791,13.973
6,SANJEEVKUMAR AUDITORIUM,21.183125,72.786039,9,VIP ROAD DEPOT,21.1378239,72.76298164,7.536
6,SANJEEVKUMAR AUDITORIUM,21.183125,72.786039,10,BHESTAN GARDEN,21.12488142,72.85197601,13.428
7,JAHANGIRPURA COMMUNITY HALL,21.228113,72.790158,1,PAL DEPOT,21.18460797,72.7903654,11.89
7,JAHANGIRPURA COMMUNITY HALL,21.228113,72.790158,2,KOSAD DEPOT,21.24719502,72.8535517,8.295
7,JAHANGIRPURA COMMUNITY HALL,21.228113,72.790158,3,LP SAWANI DEPOT,21.20103798,72.77570871,8.102
7,JAHANGIRPURA COMMUNITY HALL,21.228113,72.790158,4,OLECTRA PALANPUR DEPOT,21.20455967,72.77474436,7.803
7,JAHANGIRPURA COMMUNITY HALL,21.228113,72.790158,5,OLECTRA ALTHAN DEPOT,21.15078778,72.80946108,14.884
7,JAHANGIRPURA COMMUNITY HALL,21.228113,72.790158,6,GREENCELL MAGOB DEPOT,21.17989515,72.87771692,14.098
7,JAHANGIRPURA COMMUNITY HALL,21.228113,72.790158,7,HANSA KOSAD DEPOT,21.25819505,72.84828542,9.62
7,JAHANGIRPURA COMMUNITY HALL,21.228113,72.790158,8,HANSA PUNA DEPOT,21.21509807,72.88120791,11.842
7,JAHANGIRPURA COMMUNITY HALL,21.228113,72.790158,9,VIP ROAD DEPOT,21.1378239,72.76298164,17.586
7,JAHANGIRPURA COMMUNITY HALL,21.228113,72.790158,10,BHESTAN GARDEN,21.12488142,72.85197601,16.986
8,KADODARA,21.17316,72.958438,1,PAL DEPOT,21.18460797,72.7903654,22.971
1,UDHNA DARWAZA,21.182516,72.831382,1,PAL DEPOT,21.18460797,72.7903654,7.72
8,KADODARA,21.17316,72.958438,2,KOSAD DEPOT,21.24719502,72.8535517,21.463
8,KADODARA,21.17316,72.958438,3,LP SAWANI DEPOT,21.20103798,72.77570871,22.578
8,KADODARA,21.17316,72.958438,4,OLECTRA PALANPUR DEPOT,21.20455967,72.77474436,22.914
8,KADODARA,21.17316,72.958438,5,OLECTRA ALTHAN DEPOT,21.15078778,72.80946108,20.669
8,KADODARA,21.17316,72.958438,6,GREENCELL MAGOB DEPOT,21.17989515,72.87771692,10.775
8,KADODARA,21.17316,72.958438,7,HANSA KOSAD DEPOT,21.25819505,72.84828542,22.789
8,KADODARA,21.17316,72.958438,8,HANSA PUNA DEPOT,21.21509807,72.88120791,12.569
8,KADODARA,21.17316,72.958438,9,VIP ROAD DEPOT,21.1378239,72.76298164,25.749
8,KADODARA,21.17316,72.958438,10,BHESTAN GARDEN,21.12488142,72.85197601,19.827
9,AMAZIA AMUSEMENT PARK BRT,21.192617,72.86656,1,PAL DEPOT,21.18460797,72.7903654,12.143
9,AMAZIA AMUSEMENT PARK BRT,21.192617,72.86656,2,KOSAD DEPOT,21.24719502,72.8535517,10.636
9,AMAZIA AMUSEMENT PARK BRT,21.192617,72.86656,3,LP SAWANI DEPOT,21.20103798,72.77570871,11.75
9,AMAZIA AMUSEMENT PARK BRT,21.192617,72.86656,4,OLECTRA PALANPUR DEPOT,21.20455967,72.77474436,12.086
9,AMAZIA AMUSEMENT PARK BRT,21.192617,72.86656,5,OLECTRA ALTHAN DEPOT,21.15078778,72.80946108,9.841
9,AMAZIA AMUSEMENT PARK BRT,21.192617,72.86656,6,GREENCELL MAGOB DEPOT,21.17989515,72.87771692,2.851
9,AMAZIA AMUSEMENT PARK BRT,21.192617,72.86656,7,HANSA KOSAD DEPOT,21.25819505,72.84828542,11.961
9,AMAZIA AMUSEMENT PARK BRT,21.192617,72.86656,8,HANSA PUNA DEPOT,21.21509807,72.88120791,4.318
9,AMAZIA AMUSEMENT PARK BRT,21.192617,72.86656,9,VIP ROAD DEPOT,21.1378239,72.76298164,14.921
9,AMAZIA AMUSEMENT PARK BRT,21.192617,72.86656,10,BHESTAN GARDEN,21.12488142,72.85197601,10.352
10,KOSAD EWS H2,21.255512,72.85406,1,PAL DEPOT,21.18460797,72.7903654,14.271
10,KOSAD EWS H2,21.255512,72.85406,2,KOSAD DEPOT,21.24719502,72.8535517,1.942
10,KOSAD EWS H2,21.255512,72.85406,3,LP SAWANI DEPOT,21.20103798,72.77570871,13.632
10,KOSAD EWS H2,21.255512,72.85406,4,OLECTRA PALANPUR DEPOT,21.20455967,72.77474436,14.132
10,KOSAD EWS H2,21.255512,72.85406,5,OLECTRA ALTHAN DEPOT,21.15078778,72.80946108,16.791
10,KOSAD EWS H2,21.255512,72.85406,6,GREENCELL MAGOB DEPOT,21.17989515,72.87771692,14.168
10,KOSAD EWS H2,21.255512,72.85406,7,HANSA KOSAD DEPOT,21.25819505,72.84828542,1.357
10,KOSAD EWS H2,21.255512,72.85406,8,HANSA PUNA DEPOT,21.21509807,72.88120791,8.697
10,KOSAD EWS H2,21.255512,72.85406,9,VIP ROAD DEPOT,21.1378239,72.76298164,19.967
10,KOSAD EWS H2,21.255512,72.85406,10,BHESTAN GARDEN,21.12488142,72.85197601,18.774
11,ALTHAN DEPOT/TERMINAL,21.148815,72.808763,1,PAL DEPOT,21.18460797,72.7903654,10.307
11,ALTHAN DEPOT/TERMINAL,21.148815,72.808763,2,KOSAD DEPOT,21.24719502,72.8535517,15.338
11,ALTHAN DEPOT/TERMINAL,21.148815,72.808763,3,LP SAWANI DEPOT,21.20103798,72.77570871,9.187
11,ALTHAN DEPOT/TERMINAL,21.148815,72.808763,4,OLECTRA PALANPUR DEPOT,21.20455967,72.77474436,9.523
11,ALTHAN DEPOT/TERMINAL,21.148815,72.808763,5,OLECTRA ALTHAN DEPOT,21.15078778,72.80946108,0.803
11,ALTHAN DEPOT/TERMINAL,21.148815,72.808763,6,GREENCELL MAGOB DEPOT,21.17989515,72.87771692,11.0
11,ALTHAN DEPOT/TERMINAL,21.148815,72.808763,7,HANSA KOSAD DEPOT,21.25819505,72.84828542,16.663
11,ALTHAN DEPOT/TERMINAL,21.148815,72.808763,8,HANSA PUNA DEPOT,21.21509807,72.88120791,13.245
11,ALTHAN DEPOT/TERMINAL,21.148815,72.808763,9,VIP ROAD DEPOT,21.1378239,72.76298164,6.028
11,ALTHAN DEPOT/TERMINAL,21.148815,72.808763,10,BHESTAN GARDEN,21.12488142,72.85197601,7.574
12,PANDESARA G.I.D.C.,21.144149,72.847995,1,PAL DEPOT,21.18460797,72.7903654,12.436
12,PANDESARA G.I.D.C.,21.144149,72.847995,2,KOSAD DEPOT,21.24719502,72.8535517,14.96
12,PANDESARA G.I.D.C.,21.144149,72.847995,3,LP SAWANI DEPOT,21.20103798,72.77570871,12.043
12,PANDESARA G.I.D.C.,21.144149,72.847995,4,OLECTRA PALANPUR DEPOT,21.20455967,72.77474436,12.378
12,PANDESARA G.I.D.C.,21.144149,72.847995,5,OLECTRA ALTHAN DEPOT,21.15078778,72.80946108,6.207
12,PANDESARA G.I.D.C.,21.144149,72.847995,6,GREENCELL MAGOB DEPOT,21.17989515,72.87771692,6.642
12,PANDESARA G.I.D.C.,21.144149,72.847995,7,HANSA KOSAD DEPOT,21.25819505,72.84828542,16.285
12,PANDESARA G.I.D.C.,21.144149,72.847995,8,HANSA PUNA DEPOT,21.21509807,72.88120791,10.43
12,PANDESARA G.I.D.C.,21.144149,72.847995,9,VIP ROAD DEPOT,21.1378239,72.76298164,10.348
12,PANDESARA G.I.D.C.,21.144149,72.847995,10,BHESTAN GARDEN,21.12488142,72.85197601,2.565
13,PARVAT GAM,21.180797,72.866743,1,PAL DEPOT,21.18460797,72.7903654,13.01
13,PARVAT GAM,21.180797,72.866743,2,KOSAD DEPOT,21.24719502,72.8535517,11.502
13,PARVAT GAM,21.180797,72.866743,3,LP SAWANI DEPOT,21.20103798,72.77570871,12.616
13,PARVAT GAM,21.180797,72.866743,4,OLECTRA PALANPUR DEPOT,21.20455967,72.77474436,12.952
13,PARVAT GAM,21.180797,72.866743,5,OLECTRA ALTHAN DEPOT,21.15078778,72.80946108,10.708
13,PARVAT GAM,21.180797,72.866743,6,GREENCELL MAGOB DEPOT,21.17989515,72.87771692,1.324
13,PARVAT GAM,21.180797,72.866743,7,HANSA KOSAD DEPOT,21.25819505,72.84828542,12.827
13,PARVAT GAM,21.180797,72.866743,8,HANSA PUNA DEPOT,21.21509807,72.88120791,5.205
13,PARVAT GAM,21.180797,72.866743,9,VIP ROAD DEPOT,21.1378239,72.76298164,15.787
13,PARVAT GAM,21.180797,72.866743,10,BHESTAN GARDEN,21.12488142,72.85197601,8.43
14,KOSAD DEPOT TERMINAL,21.257428,72.8476,1,PAL DEPOT,21.18460797,72.7903654,14.183
14,KOSAD DEPOT TERMINAL,21.257428,72.8476,2,KOSAD DEPOT,21.24719502,72.8535517,1.854
14,KOSAD DEPOT TERMINAL,21.257428,72.8476,3,LP SAWANI DEPOT,21.20103798,72.77570871,13.545
14,KOSAD DEPOT TERMINAL,21.257428,72.8476,4,OLECTRA PALANPUR DEPOT,21.20455967,72.77474436,14.044
14,KOSAD DEPOT TERMINAL,21.257428,72.8476,5,OLECTRA ALTHAN DEPOT,21.15078778,72.80946108,16.703
14,KOSAD DEPOT TERMINAL,21.257428,72.8476,6,GREENCELL MAGOB DEPOT,21.17989515,72.87771692,14.08
14,KOSAD DEPOT TERMINAL,21.257428,72.8476,7,HANSA KOSAD DEPOT,21.25819505,72.84828542,0.356
14,KOSAD DEPOT TERMINAL,21.257428,72.8476,8,HANSA PUNA DEPOT,21.21509807,72.88120791,8.61
14,KOSAD DEPOT TERMINAL,21.257428,72.8476,9,VIP ROAD DEPOT,21.1378239,72.76298164,19.88
14,KOSAD DEPOT TERMINAL,21.257428,72.8476,10,BHESTAN GARDEN,21.12488142,72.85197601,18.686
15,KAMREJ TERMINAL,21.268535,72.956475,1,PAL DEPOT,21.18460797,72.7903654,25.25
15,KAMREJ TERMINAL,21.268535,72.956475,2,KOSAD DEPOT,21.24719502,72.8535517,13.526
15,KAMREJ TERMINAL,21.268535,72.956475,3,LP SAWANI DEPOT,21.20103798,72.77570871,24.856
15,KAMREJ TERMINAL,21.268535,72.956475,4,OLECTRA PALANPUR DEPOT,21.20455967,72.77474436,23.484
15,KAMREJ TERMINAL,21.268535,72.956475,5,OLECTRA ALTHAN DEPOT,21.15078778,72.80946108,22.948
15,KAMREJ TERMINAL,21.268535,72.956475,6,GREENCELL MAGOB DEPOT,21.17989515,72.87771692,15.547
15,KAMREJ TERMINAL,21.268535,72.956475,7,HANSA KOSAD DEPOT,21.25819505,72.84828542,13.446
15,KAMREJ TERMINAL,21.268535,72.956475,8,HANSA PUNA DEPOT,21.21509807,72.88120791,10.406
15,KAMREJ TERMINAL,21.268535,72.956475,9,VIP ROAD DEPOT,21.1378239,72.76298164,28.027
15,KAMREJ TERMINAL,21.268535,72.956475,10,BHESTAN GARDEN,21.12488142,72.85197601,23.048
16,RAILWAY STATION TER,21.204733,72.840269,1,PAL DEPOT,21.18460797,72.7903654,10.905
16,RAILWAY STATION TER,21.204733,72.840269,2,KOSAD DEPOT,21.24719502,72.8535517,7.275
16,RAILWAY STATION TER,21.204733,72.840269,3,LP SAWANI DEPOT,21.20103798,72.77570871,10.511
16,RAILWAY STATION TER,21.204733,72.840269,4,OLECTRA PALANPUR DEPOT,21.20455967,72.77474436,10.847
16,RAILWAY STATION TER,21.204733,72.840269,5,OLECTRA ALTHAN DEPOT,21.15078778,72.80946108,8.603
16,RAILWAY STATION TER,21.204733,72.840269,6,GREENCELL MAGOB DEPOT,21.17989515,72.87771692,5.98
16,RAILWAY STATION TER,21.204733,72.840269,7,HANSA KOSAD DEPOT,21.25819505,72.84828542,8.6
16,RAILWAY STATION TER,21.204733,72.840269,8,HANSA PUNA DEPOT,21.21509807,72.88120791,6.044
16,RAILWAY STATION TER,21.204733,72.840269,9,VIP ROAD DEPOT,21.1378239,72.76298164,13.682
16,RAILWAY STATION TER,21.204733,72.840269,10,BHESTAN GARDEN,21.12488142,72.85197601,10.585
17,PAL R.T.O.,21.182332,72.78094,1,PAL DEPOT,21.18460797,72.7903654,1.487
17,PAL R.T.O.,21.182332,72.78094,2,KOSAD DEPOT,21.24719502,72.8535517,11.82
17,PAL R.T.O.,21.182332,72.78094,3,LP SAWANI DEPOT,21.20103798,72.77570871,2.679
17,PAL R.T.O.,21.182332,72.78094,4,OLECTRA PALANPUR DEPOT,21.20455967,72.77474436,3.015
17,PAL R.T.O.,21.182332,72.78094,5,OLECTRA ALTHAN DEPOT,21.15078778,72.80946108,9.446
17,PAL R.T.O.,21.182332,72.78094,6,GREENCELL MAGOB DEPOT,21.17989515,72.87771692,13.379
17,PAL R.T.O.,21.182332,72.78094,7,HANSA KOSAD DEPOT,21.25819505,72.84828542,13.145
17,PAL R.T.O.,21.182332,72.78094,8,HANSA PUNA DEPOT,21.21509807,72.88120791,14.644
17,PAL R.T.O.,21.182332,72.78094,9,VIP ROAD DEPOT,21.1378239,72.76298164,7.183
17,PAL R.T.O.,21.182332,72.78094,10,BHESTAN GARDEN,21.12488142,72.85197601,14.099
18,SACHIN RAILWAY STATION,21.078932,72.874206,1,PAL DEPOT,21.18460797,72.7903654,25.178
18,SACHIN RAILWAY STATION,21.078932,72.874206,2,KOSAD DEPOT,21.24719502,72.8535517,27.702
18,SACHIN RAILWAY STATION,21.078932,72.874206,3,LP SAWANI DEPOT,21.20103798,72.77570871,24.785
18,SACHIN RAILWAY STATION,21.078932,72.874206,4,OLECTRA PALANPUR DEPOT,21.20455967,72.77474436,25.12
18,SACHIN RAILWAY STATION,21.078932,72.874206,5,OLECTRA ALTHAN DEPOT,21.15078778,72.80946108,16.2
18,SACHIN RAILWAY STATION,21.078932,72.874206,6,GREENCELL MAGOB DEPOT,21.17989515,72.87771692,16.065
18,SACHIN RAILWAY STATION,21.078932,72.874206,7,HANSA KOSAD DEPOT,21.25819505,72.84828542,29.027
18,SACHIN RAILWAY STATION,21.078932,72.874206,8,HANSA PUNA DEPOT,21.21509807,72.88120791,19.853
18,SACHIN RAILWAY STATION,21.078932,72.874206,9,VIP ROAD DEPOT,21.1378239,72.76298164,19.34
18,SACHIN RAILWAY STATION,21.078932,72.874206,10,BHESTAN GARDEN,21.12488142,72.85197601,7.328
19,UTRAN-R.O.B BRIDGE,21.233142,72.863284,1,PAL DEPOT,21.18460797,72.7903654,13.184
19,UTRAN-R.O.B BRIDGE,21.233142,72.863284,2,KOSAD DEPOT,21.24719502,72.8535517,2.749
19,UTRAN-R.O.B BRIDGE,21.233142,72.863284,3,LP SAWANI DEPOT,21.20103798,72.77570871,12.545
19,UTRAN-R.O.B BRIDGE,21.233142,72.863284,4,OLECTRA PALANPUR DEPOT,21.20455967,72.77474436,13.044
19,UTRAN-R.O.B BRIDGE,21.233142,72.863284,5,OLECTRA ALTHAN DEPOT,21.15078778,72.80946108,15.704
19,UTRAN-R.O.B BRIDGE,21.233142,72.863284,6,GREENCELL MAGOB DEPOT,21.17989515,72.87771692,7.684
19,UTRAN-R.O.B BRIDGE,21.233142,72.863284,7,HANSA KOSAD DEPOT,21.25819505,72.84828542,4.075
19,UTRAN-R.O.B BRIDGE,21.233142,72.863284,8,HANSA PUNA DEPOT,21.21509807,72.88120791,4.971
19,UTRAN-R.O.B BRIDGE,21.233142,72.863284,9,VIP ROAD DEPOT,21.1378239,72.76298164,18.88
19,UTRAN-R.O.B BRIDGE,21.233142,72.863284,10,BHESTAN GARDEN,21.12488142,72.85197601,17.686
20,ADAJAN GSRTC,21.198617,72.808339,1,PAL DEPOT,21.18460797,72.7903654,5.069
20,ADAJAN GSRTC,21.198617,72.808339,2,KOSAD DEPOT,21.24719502,72.8535517,8.382
20,ADAJAN GSRTC,21.198617,72.808339,3,LP SAWANI DEPOT,21.20103798,72.77570871,4.43
20,ADAJAN GSRTC,21.198617,72.808339,4,OLECTRA PALANPUR DEPOT,21.20455967,72.77474436,4.929
20,ADAJAN GSRTC,21.198617,72.808339,5,OLECTRA ALTHAN DEPOT,21.15078778,72.80946108,6.932
20,ADAJAN GSRTC,21.198617,72.808339,6,GREENCELL MAGOB DEPOT,21.17989515,72.87771692,8.676
20,ADAJAN GSRTC,21.198617,72.808339,7,HANSA KOSAD DEPOT,21.25819505,72.84828542,9.708
20,ADAJAN GSRTC,21.198617,72.808339,8,HANSA PUNA DEPOT,21.21509807,72.88120791,9.941
20,ADAJAN GSRTC,21.198617,72.808339,9,VIP ROAD DEPOT,21.1378239,72.76298164,10.765
20,ADAJAN GSRTC,21.198617,72.808339,10,BHESTAN GARDEN,21.12488142,72.85197601,10.921
21,MOTI VED,21.247717,72.813321,1,PAL DEPOT,21.18460797,72.7903654,12.916
21,MOTI VED,21.247717,72.813321,2,KOSAD DEPOT,21.24719502,72.8535517,6.594
21,MOTI VED,21.247717,72.813321,3,LP SAWANI DEPOT,21.20103798,72.77570871,8.533
21,MOTI VED,21.247717,72.813321,4,OLECTRA PALANPUR DEPOT,21.20455967,72.77474436,8.234
21,MOTI VED,21.247717,72.813321,5,OLECTRA ALTHAN DEPOT,21.15078778,72.80946108,13.832
21,MOTI VED,21.247717,72.813321,6,GREENCELL MAGOB DEPOT,21.17989515,72.87771692,13.688
21,MOTI VED,21.247717,72.813321,7,HANSA KOSAD DEPOT,21.25819505,72.84828542,7.919
21,MOTI VED,21.247717,72.813321,8,HANSA PUNA DEPOT,21.21509807,72.88120791,10.827
21,MOTI VED,21.247717,72.813321,9,VIP ROAD DEPOT,21.1378239,72.76298164,18.612
21,MOTI VED,21.247717,72.813321,10,BHESTAN GARDEN,21.12488142,72.85197601,16.576
22,LAMBE HANUMAN TEMPLE,21.204553,72.843553,1,PAL DEPOT,21.18460797,72.7903654,11.415
22,LAMBE HANUMAN TEMPLE,21.204553,72.843553,2,KOSAD DEPOT,21.24719502,72.8535517,6.446
22,LAMBE HANUMAN TEMPLE,21.204553,72.843553,3,LP SAWANI DEPOT,21.20103798,72.77570871,11.022
22,LAMBE HANUMAN TEMPLE,21.204553,72.843553,4,OLECTRA PALANPUR DEPOT,21.20455967,72.77474436,11.358
22,LAMBE HANUMAN TEMPLE,21.204553,72.843553,5,OLECTRA ALTHAN DEPOT,21.15078778,72.80946108,9.113
22,LAMBE HANUMAN TEMPLE,21.204553,72.843553,6,GREENCELL MAGOB DEPOT,21.17989515,72.87771692,6.261
22,LAMBE HANUMAN TEMPLE,21.204553,72.843553,7,HANSA KOSAD DEPOT,21.25819505,72.84828542,7.771
22,LAMBE HANUMAN TEMPLE,21.204553,72.843553,8,HANSA PUNA DEPOT,21.21509807,72.88120791,5.635
22,LAMBE HANUMAN TEMPLE,21.204553,72.843553,9,VIP ROAD DEPOT,21.1378239,72.76298164,14.193
22,LAMBE HANUMAN TEMPLE,21.204553,72.843553,10,BHESTAN GARDEN,21.12488142,72.85197601,11.096
23,KATHOR GAAM,21.289928,72.937562,1,PAL DEPOT,21.18460797,72.7903654,26.468
23,KATHOR GAAM,21.289928,72.937562,2,KOSAD DEPOT,21.24719502,72.8535517,14.139
23,KATHOR GAAM,21.289928,72.937562,3,LP SAWANI DEPOT,21.20103798,72.77570871,25.829
23,KATHOR GAAM,21.289928,72.937562,4,OLECTRA PALANPUR DEPOT,21.20455967,72.77474436,26.328
23,KATHOR GAAM,21.289928,72.937562,5,OLECTRA ALTHAN DEPOT,21.15078778,72.80946108,28.988
23,KATHOR GAAM,21.289928,72.937562,6,GREENCELL MAGOB DEPOT,21.17989515,72.87771692,18.337
23,KATHOR GAAM,21.289928,72.937562,7,HANSA KOSAD DEPOT,21.25819505,72.84828542,12.64
23,KATHOR GAAM,21.289928,72.937562,8,HANSA PUNA DEPOT,21.21509807,72.88120791,13.195
23,KATHOR GAAM,21.289928,72.937562,9,VIP ROAD DEPOT,21.1378239,72.76298164,32.164
23,KATHOR GAAM,21.289928,72.937562,10,BHESTAN GARDEN,21.12488142,72.85197601,30.971
24,HARIDARSHAN RESIDENCY,21.325451,72.903202,1,PAL DEPOT,21.18460797,72.7903654,26.837
24,HARIDARSHAN RESIDENCY,21.325451,72.903202,2,KOSAD DEPOT,21.24719502,72.8535517,14.507
24,HARIDARSHAN RESIDENCY,21.325451,72.903202,3,LP SAWANI DEPOT,21.20103798,72.77570871,26.198
24,HARIDARSHAN RESIDENCY,21.325451,72.903202,4,OLECTRA PALANPUR DEPOT,21.20455967,72.77474436,26.697
24,HARIDARSHAN RESIDENCY,21.325451,72.903202,5,OLECTRA ALTHAN DEPOT,21.15078778,72.80946108,29.357
24,HARIDARSHAN RESIDENCY,21.325451,72.903202,6,GREENCELL MAGOB DEPOT,21.17989515,72.87771692,26.733
24,HARIDARSHAN RESIDENCY,21.325451,72.903202,7,HANSA KOSAD DEPOT,21.25819505,72.84828542,13.009
24,HARIDARSHAN RESIDENCY,21.325451,72.903202,8,HANSA PUNA DEPOT,21.21509807,72.88120791,17.467
24,HARIDARSHAN RESIDENCY,21.325451,72.903202,9,VIP ROAD DEPOT,21.1378239,72.76298164,32.533
24,HARIDARSHAN RESIDENCY,21.325451,72.903202,10,BHESTAN GARDEN,21.12488142,72.85197601,31.339
25,RAMVATIKA SOCIETY,21.31169,72.908634,1,PAL DEPOT,21.18460797,72.7903654,26.393
25,RAMVATIKA SOCIETY,21.31169,72.908634,2,KOSAD DEPOT,21.24719502,72.8535517,14.064
25,RAMVATIKA SOCIETY,21.31169,72.908634,3,LP SAWANI DEPOT,21.20103798,72.77570871,25.754
25,RAMVATIKA SOCIETY,21.31169,72.908634,4,OLECTRA PALANPUR DEPOT,21.20455967,72.77474436,26.253
25,RAMVATIKA SOCIETY,21.31169,72.908634,5,OLECTRA ALTHAN DEPOT,21.15078778,72.80946108,28.913
25,RAMVATIKA SOCIETY,21.31169,72.908634,6,GREENCELL MAGOB DEPOT,21.17989515,72.87771692,19.07
25,RAMVATIKA SOCIETY,21.31169,72.908634,7,HANSA KOSAD DEPOT,21.25819505,72.84828542,12.566
25,RAMVATIKA SOCIETY,21.31169,72.908634,8,HANSA PUNA DEPOT,21.21509807,72.88120791,13.928
25,RAMVATIKA SOCIETY,21.31169,72.908634,9,VIP ROAD DEPOT,21.1378239,72.76298164,32.089
25,RAMVATIKA SOCIETY,21.31169,72.908634,10,BHESTAN GARDEN,21.12488142,72.85197601,30.896
26,VRUKSHLAXMI SOCIETY,21.142013,72.882566,1,PAL DEPOT,21.18460797,72.7903654,15.465
26,VRUKSHLAXMI SOCIETY,21.142013,72.882566,2,KOSAD DEPOT,21.24719502,72.8535517,17.989
26,VRUKSHLAXMI SOCIETY,21.142013,72.882566,3,LP SAWANI DEPOT,21.20103798,72.77570871,15.071
26,VRUKSHLAXMI SOCIETY,21.142013,72.882566,4,OLECTRA PALANPUR DEPOT,21.20455967,72.77474436,15.407
26,VRUKSHLAXMI SOCIETY,21.142013,72.882566,5,OLECTRA ALTHAN DEPOT,21.15078778,72.80946108,10.994
26,VRUKSHLAXMI SOCIETY,21.142013,72.882566,6,GREENCELL MAGOB DEPOT,21.17989515,72.87771692,6.352
26,VRUKSHLAXMI SOCIETY,21.142013,72.882566,7,HANSA KOSAD DEPOT,21.25819505,72.84828542,19.314
26,VRUKSHLAXMI SOCIETY,21.142013,72.882566,8,HANSA PUNA DEPOT,21.21509807,72.88120791,10.14
26,VRUKSHLAXMI SOCIETY,21.142013,72.882566,9,VIP ROAD DEPOT,21.1378239,72.76298164,15.135
26,VRUKSHLAXMI SOCIETY,21.142013,72.882566,10,BHESTAN GARDEN,21.12488142,72.85197601,7.689
27,CHIKU WADI,21.151202,72.837255,1,PAL DEPOT,21.18460797,72.7903654,11.115
27,CHIKU WADI,21.151202,72.837255,2,KOSAD DEPOT,21.24719502,72.8535517,15.683
27,CHIKU WADI,21.151202,72.837255,3,LP SAWANI DEPOT,21.20103798,72.77570871,10.722
27,CHIKU WADI,21.151202,72.837255,4,OLECTRA PALANPUR DEPOT,21.20455967,72.77474436,11.058
27,CHIKU WADI,21.151202,72.837255,5,OLECTRA ALTHAN DEPOT,21.15078778,72.80946108,4.349
27,CHIKU WADI,21.151202,72.837255,6,GREENCELL MAGOB DEPOT,21.17989515,72.87771692,8.56
27,CHIKU WADI,21.151202,72.837255,7,HANSA KOSAD DEPOT,21.25819505,72.84828542,17.009
27,CHIKU WADI,21.151202,72.837255,8,HANSA PUNA DEPOT,21.21509807,72.88120791,13.59
27,CHIKU WADI,21.151202,72.837255,9,VIP ROAD DEPOT,21.1378239,72.76298164,8.49
27,CHIKU WADI,21.151202,72.837255,10,BHESTAN GARDEN,21.12488142,72.85197601,5.133
28,ABHVA GAAM,21.116789,72.770046,1,PAL DEPOT,21.18460797,72.7903654,11.481
28,ABHVA GAAM,21.116789,72.770046,2,KOSAD DEPOT,21.24719502,72.8535517,21.965
28,ABHVA GAAM,21.116789,72.770046,3,LP SAWANI DEPOT,21.20103798,72.77570871,12.674
28,ABHVA GAAM,21.116789,72.770046,4,OLECTRA PALANPUR DEPOT,21.20455967,72.77474436,13.01
28,ABHVA GAAM,21.116789,72.770046,5,OLECTRA ALTHAN DEPOT,21.15078778,72.80946108,7.426
28,ABHVA GAAM,21.116789,72.770046,6,GREENCELL MAGOB DEPOT,21.17989515,72.87771692,17.599
28,ABHVA GAAM,21.116789,72.770046,7,HANSA KOSAD DEPOT,21.25819505,72.84828542,23.29
28,ABHVA GAAM,21.116789,72.770046,8,HANSA PUNA DEPOT,21.21509807,72.88120791,19.872
28,ABHVA GAAM,21.116789,72.770046,9,VIP ROAD DEPOT,21.1378239,72.76298164,4.968
28,ABHVA GAAM,21.116789,72.770046,10,BHESTAN GARDEN,21.12488142,72.85197601,10.255
29,ISKCON CIRCLE,21.237125,72.789451,1,PAL DEPOT,21.18460797,72.7903654,9.536
29,ISKCON CIRCLE,21.237125,72.789451,2,KOSAD DEPOT,21.24719502,72.8535517,8.547
29,ISKCON CIRCLE,21.237125,72.789451,3,LP SAWANI DEPOT,21.20103798,72.77570871,5.749
29,ISKCON CIRCLE,21.237125,72.789451,4,OLECTRA PALANPUR DEPOT,21.20455967,72.77474436,5.45
29,ISKCON CIRCLE,21.237125,72.789451,5,OLECTRA ALTHAN DEPOT,21.15078778,72.80946108,12.531
29,ISKCON CIRCLE,21.237125,72.789451,6,GREENCELL MAGOB DEPOT,21.17989515,72.87771692,14.35
29,ISKCON CIRCLE,21.237125,72.789451,7,HANSA KOSAD DEPOT,21.25819505,72.84828542,9.872
29,ISKCON CIRCLE,21.237125,72.789451,8,HANSA PUNA DEPOT,21.21509807,72.88120791,12.094
29,ISKCON CIRCLE,21.237125,72.789451,9,VIP ROAD DEPOT,21.1378239,72.76298164,15.233
29,ISKCON CIRCLE,21.237125,72.789451,10,BHESTAN GARDEN,21.12488142,72.85197601,17.185
30,EKTA NAGAR,21.204323,72.782368,1,PAL DEPOT,21.18460797,72.7903654,3.547
30,EKTA NAGAR,21.204323,72.782368,2,KOSAD DEPOT,21.24719502,72.8535517,11.807
30,EKTA NAGAR,21.204323,72.782368,3,LP SAWANI DEPOT,21.20103798,72.77570871,1.341
30,EKTA NAGAR,21.204323,72.782368,4,OLECTRA PALANPUR DEPOT,21.20455967,72.77474436,1.676
30,EKTA NAGAR,21.204323,72.782368,5,OLECTRA ALTHAN DEPOT,21.15078778,72.80946108,8.39
30,EKTA NAGAR,21.204323,72.782368,6,GREENCELL MAGOB DEPOT,21.17989515,72.87771692,13.78
30,EKTA NAGAR,21.204323,72.782368,7,HANSA KOSAD DEPOT,21.25819505,72.84828542,13.132
30,EKTA NAGAR,21.204323,72.782368,8,HANSA PUNA DEPOT,21.21509807,72.88120791,15.045
30,EKTA NAGAR,21.204323,72.782368,9,VIP ROAD DEPOT,21.1378239,72.76298164,9.958
30,EKTA NAGAR,21.204323,72.782368,10,BHESTAN GARDEN,21.12488142,72.85197601,14.5
31,VIVEKANAND COLLEGE,21.248605,72.784978,1,PAL DEPOT,21.18460797,72.7903654,10.759
31,VIVEKANAND COLLEGE,21.248605,72.784978,2,KOSAD DEPOT,21.24719502,72.8535517,10.047
31,VIVEKANAND COLLEGE,21.248605,72.784978,3,LP SAWANI DEPOT,21.20103798,72.77570871,6.971
31,VIVEKANAND COLLEGE,21.248605,72.784978,4,OLECTRA PALANPUR DEPOT,21.20455967,72.77474436,5.961
31,VIVEKANAND COLLEGE,21.248605,72.784978,5,OLECTRA ALTHAN DEPOT,21.15078778,72.80946108,13.754
31,VIVEKANAND COLLEGE,21.248605,72.784978,6,GREENCELL MAGOB DEPOT,21.17989515,72.87771692,15.573
31,VIVEKANAND COLLEGE,21.248605,72.784978,7,HANSA KOSAD DEPOT,21.25819505,72.84828542,8.549
31,VIVEKANAND COLLEGE,21.248605,72.784978,8,HANSA PUNA DEPOT,21.21509807,72.88120791,13.317
31,VIVEKANAND COLLEGE,21.248605,72.784978,9,VIP ROAD DEPOT,21.1378239,72.76298164,16.455
31,VIVEKANAND COLLEGE,21.248605,72.784978,10,BHESTAN GARDEN,21.12488142,72.85197601,18.407
32,KOSAD GAM,21.254171,72.862777,1,PAL DEPOT,21.18460797,72.7903654,14.598
32,KOSAD GAM,21.254171,72.862777,2,KOSAD DEPOT,21.24719502,72.8535517,1.905
32,KOSAD GAM,21.254171,72.862777,3,LP SAWANI DEPOT,21.20103798,72.77570871,13.96
32,KOSAD GAM,21.254171,72.862777,4,OLECTRA PALANPUR DEPOT,21.20455967,72.77474436,14.459
32,KOSAD GAM,21.254171,72.862777,5,OLECTRA ALTHAN DEPOT,21.15078778,72.80946108,17.118
32,KOSAD GAM,21.254171,72.862777,6,GREENCELL MAGOB DEPOT,21.17989515,72.87771692,10.102
32,KOSAD GAM,21.254171,72.862777,7,HANSA KOSAD DEPOT,21.25819505,72.84828542,1.645
32,KOSAD GAM,21.254171,72.862777,8,HANSA PUNA DEPOT,21.21509807,72.88120791,7.388
32,KOSAD GAM,21.254171,72.862777,9,VIP ROAD DEPOT,21.1378239,72.76298164,20.295
32,KOSAD GAM,21.254171,72.862777,10,BHESTAN GARDEN,21.12488142,72.85197601,19.101
33,BHARTHANA,21.152835,72.797525,1,PAL DEPOT,21.18460797,72.7903654,6.924
33,BHARTHANA,21.152835,72.797525,2,KOSAD DEPOT,21.24719502,72.8535517,15.75
33,BHARTHANA,21.152835,72.797525,3,LP SAWANI DEPOT,21.20103798,72.77570871,7.005
33,BHARTHANA,21.152835,72.797525,4,OLECTRA PALANPUR DEPOT,21.20455967,72.77474436,7.341
33,BHARTHANA,21.152835,72.797525,5,OLECTRA ALTHAN DEPOT,21.15078778,72.80946108,2.745
33,BHARTHANA,21.152835,72.797525,6,GREENCELL MAGOB DEPOT,21.17989515,72.87771692,12.393
33,BHARTHANA,21.152835,72.797525,7,HANSA KOSAD DEPOT,21.25819505,72.84828542,17.076
33,BHARTHANA,21.152835,72.797525,8,HANSA PUNA DEPOT,21.21509807,72.88120791,13.657
33,BHARTHANA,21.152835,72.797525,9,VIP ROAD DEPOT,21.1378239,72.76298164,5.556
33,BHARTHANA,21.152835,72.797525,10,BHESTAN GARDEN,21.12488142,72.85197601,9.491
34,KHAJOD GAM (VIA BHIMRAD GAAM),21.117303,72.790012,1,PAL DEPOT,21.18460797,72.7903654,11.379
34,KHAJOD GAM (VIA BHIMRAD GAAM),21.117303,72.790012,2,KOSAD DEPOT,21.24719502,72.8535517,19.337
34,KHAJOD GAM (VIA BHIMRAD GAAM),21.117303,72.790012,3,LP SAWANI DEPOT,21.20103798,72.77570871,11.459
34,KHAJOD GAM (VIA BHIMRAD GAAM),21.117303,72.790012,4,OLECTRA PALANPUR DEPOT,21.20455967,72.77474436,11.795
34,KHAJOD GAM (VIA BHIMRAD GAAM),21.117303,72.790012,5,OLECTRA ALTHAN DEPOT,21.15078778,72.80946108,4.798
34,KHAJOD GAM (VIA BHIMRAD GAAM),21.117303,72.790012,6,GREENCELL MAGOB DEPOT,21.17989515,72.87771692,14.971
34,KHAJOD GAM (VIA BHIMRAD GAAM),21.117303,72.790012,7,HANSA KOSAD DEPOT,21.25819505,72.84828542,20.662
34,KHAJOD GAM (VIA BHIMRAD GAAM),21.117303,72.790012,8,HANSA PUNA DEPOT,21.21509807,72.88120791,17.244
34,KHAJOD GAM (VIA BHIMRAD GAAM),21.117303,72.790012,9,VIP ROAD DEPOT,21.1378239,72.76298164,6.384
34,KHAJOD GAM (VIA BHIMRAD GAAM),21.117303,72.790012,10,BHESTAN GARDEN,21.12488142,72.85197601,7.627
35,KHAJOD GAM,21.117303,72.790012,1,PAL DEPOT,21.18460797,72.7903654,11.379
35,KHAJOD GAM,21.117303,72.790012,2,KOSAD DEPOT,21.24719502,72.8535517,19.337
35,KHAJOD GAM,21.117303,72.790012,3,LP SAWANI DEPOT,21.20103798,72.77570871,11.459
35,KHAJOD GAM,21.117303,72.790012,4,OLECTRA PALANPUR DEPOT,21.20455967,72.77474436,11.795
35,KHAJOD GAM,21.117303,72.790012,5,OLECTRA ALTHAN DEPOT,21.15078778,72.80946108,4.798
35,KHAJOD GAM,21.117303,72.790012,6,GREENCELL MAGOB DEPOT,21.17989515,72.87771692,14.971
35,KHAJOD GAM,21.117303,72.790012,7,HANSA KOSAD DEPOT,21.25819505,72.84828542,20.662
35,KHAJOD GAM,21.117303,72.790012,8,HANSA PUNA DEPOT,21.21509807,72.88120791,17.244
35,KHAJOD GAM,21.117303,72.790012,9,VIP ROAD DEPOT,21.1378239,72.76298164,6.384
35,KHAJOD GAM,21.117303,72.790012,10,BHESTAN GARDEN,21.12488142,72.85197601,7.627
36,PALANPUR DEPOT TERMINAL,21.20493,72.775115,1,PAL DEPOT,21.18460797,72.7903654,3.886
36,PALANPUR DEPOT TERMINAL,21.20493,72.775115,2,KOSAD DEPOT,21.24719502,72.8535517,12.377
36,PALANPUR DEPOT TERMINAL,21.20493,72.775115,3,LP SAWANI DEPOT,21.20103798,72.77570871,0.882
36,PALANPUR DEPOT TERMINAL,21.20493,72.775115,4,OLECTRA PALANPUR DEPOT,21.20455967,72.77474436,0.108
36,PALANPUR DEPOT TERMINAL,21.20493,72.775115,5,OLECTRA ALTHAN DEPOT,21.15078778,72.80946108,8.705
36,PALANPUR DEPOT TERMINAL,21.20493,72.775115,6,GREENCELL MAGOB DEPOT,21.17989515,72.87771692,14.664
36,PALANPUR DEPOT TERMINAL,21.20493,72.775115,7,HANSA KOSAD DEPOT,21.25819505,72.84828542,13.703
36,PALANPUR DEPOT TERMINAL,21.20493,72.775115,8,HANSA PUNA DEPOT,21.21509807,72.88120791,15.929
36,PALANPUR DEPOT TERMINAL,21.20493,72.775115,9,VIP ROAD DEPOT,21.1378239,72.76298164,9.654
36,PALANPUR DEPOT TERMINAL,21.20493,72.775115,10,BHESTAN GARDEN,21.12488142,72.85197601,15.384
37,AMROLI CROSS ROAD,21.241503,72.851484,1,PAL DEPOT,21.18460797,72.7903654,11.959
37,AMROLI CROSS ROAD,21.241503,72.851484,2,KOSAD DEPOT,21.24719502,72.8535517,1.074
37,AMROLI CROSS ROAD,21.241503,72.851484,3,LP SAWANI DEPOT,21.20103798,72.77570871,11.321
37,AMROLI CROSS ROAD,21.241503,72.851484,4,OLECTRA PALANPUR DEPOT,21.20455967,72.77474436,11.82
37,AMROLI CROSS ROAD,21.241503,72.851484,5,OLECTRA ALTHAN DEPOT,21.15078778,72.80946108,14.479
37,AMROLI CROSS ROAD,21.241503,72.851484,6,GREENCELL MAGOB DEPOT,21.17989515,72.87771692,11.856
37,AMROLI CROSS ROAD,21.241503,72.851484,7,HANSA KOSAD DEPOT,21.25819505,72.84828542,2.399
37,AMROLI CROSS ROAD,21.241503,72.851484,8,HANSA PUNA DEPOT,21.21509807,72.88120791,6.362
37,AMROLI CROSS ROAD,21.241503,72.851484,9,VIP ROAD DEPOT,21.1378239,72.76298164,17.656
37,AMROLI CROSS ROAD,21.241503,72.851484,10,BHESTAN GARDEN,21.12488142,72.85197601,16.462
38,KOSAD FIRE STATION,21.247589,72.851312,1,PAL DEPOT,21.18460797,72.7903654,12.827
38,KOSAD FIRE STATION,21.247589,72.851312,2,KOSAD DEPOT,21.24719502,72.8535517,0.498
38,KOSAD FIRE STATION,21.247589,72.851312,3,LP SAWANI DEPOT,21.20103798,72.77570871,12.189
38,KOSAD FIRE STATION,21.247589,72.851312,4,OLECTRA PALANPUR DEPOT,21.20455967,72.77474436,12.688
38,KOSAD FIRE STATION,21.247589,72.851312,5,OLECTRA ALTHAN DEPOT,21.15078778,72.80946108,15.347
38,KOSAD FIRE STATION,21.247589,72.851312,6,GREENCELL MAGOB DEPOT,21.17989515,72.87771692,12.724
38,KOSAD FIRE STATION,21.247589,72.851312,7,HANSA KOSAD DEPOT,21.25819505,72.84828542,1.528
38,KOSAD FIRE STATION,21.247589,72.851312,8,HANSA PUNA DEPOT,21.21509807,72.88120791,7.254
38,KOSAD FIRE STATION,21.247589,72.851312,9,VIP ROAD DEPOT,21.1378239,72.76298164,18.523
38,KOSAD FIRE STATION,21.247589,72.851312,10,BHESTAN GARDEN,21.12488142,72.85197601,17.33
39,SAYAN RAILWAY STATION,21.316645,72.889057,1,PAL DEPOT,21.18460797,72.7903654,23.753
39,SAYAN RAILWAY STATION,21.316645,72.889057,2,KOSAD DEPOT,21.24719502,72.8535517,11.423
39,SAYAN RAILWAY STATION,21.316645,72.889057,3,LP SAWANI DEPOT,21.20103798,72.77570871,23.114
39,SAYAN RAILWAY STATION,21.316645,72.889057,4,OLECTRA PALANPUR DEPOT,21.20455967,72.77474436,23.613
39,SAYAN RAILWAY STATION,21.316645,72.889057,5,OLECTRA ALTHAN DEPOT,21.15078778,72.80946108,26.273
39,SAYAN RAILWAY STATION,21.316645,72.889057,6,GREENCELL MAGOB DEPOT,21.17989515,72.87771692,23.65
39,SAYAN RAILWAY STATION,21.316645,72.889057,7,HANSA KOSAD DEPOT,21.25819505,72.84828542,9.925
39,SAYAN RAILWAY STATION,21.316645,72.889057,8,HANSA PUNA DEPOT,21.21509807,72.88120791,18.179
39,SAYAN RAILWAY STATION,21.316645,72.889057,9,VIP ROAD DEPOT,21.1378239,72.76298164,29.449
39,SAYAN RAILWAY STATION,21.316645,72.889057,10,BHESTAN GARDEN,21.12488142,72.85197601,28.255
40,SOMESHWAR JUNCTION,21.153743,72.779742,1,PAL DEPOT,21.18460797,72.7903654,4.975
40,SOMESHWAR JUNCTION,21.153743,72.779742,2,KOSAD DEPOT,21.24719502,72.8535517,16.928
40,SOMESHWAR JUNCTION,21.153743,72.779742,3,LP SAWANI DEPOT,21.20103798,72.77570871,6.168
40,SOMESHWAR JUNCTION,21.153743,72.779742,4,OLECTRA PALANPUR DEPOT,21.20455967,72.77474436,6.504
40,SOMESHWAR JUNCTION,21.153743,72.779742,5,OLECTRA ALTHAN DEPOT,21.15078778,72.80946108,4.414
40,SOMESHWAR JUNCTION,21.153743,72.779742,6,GREENCELL MAGOB DEPOT,21.17989515,72.87771692,13.57
40,SOMESHWAR JUNCTION,21.153743,72.779742,7,HANSA KOSAD DEPOT,21.25819505,72.84828542,18.253
40,SOMESHWAR JUNCTION,21.153743,72.779742,8,HANSA PUNA DEPOT,21.21509807,72.88120791,14.835
40,SOMESHWAR JUNCTION,21.153743,72.779742,9,VIP ROAD DEPOT,21.1378239,72.76298164,3.617
40,SOMESHWAR JUNCTION,21.153743,72.779742,10,BHESTAN GARDEN,21.12488142,72.85197601,11.882
41,RANDER GAAM,21.218675,72.795963,1,PAL DEPOT,21.18460797,72.7903654,7.522
41,RANDER GAAM,21.218675,72.795963,2,KOSAD DEPOT,21.24719502,72.8535517,9.828
41,RANDER GAAM,21.218675,72.795963,3,LP SAWANI DEPOT,21.20103798,72.77570871,3.734
41,RANDER GAAM,21.218675,72.795963,4,OLECTRA PALANPUR DEPOT,21.20455967,72.77474436,3.435
41,RANDER GAAM,21.218675,72.795963,5,OLECTRA ALTHAN DEPOT,21.15078778,72.80946108,10.517
41,RANDER GAAM,21.218675,72.795963,6,GREENCELL MAGOB DEPOT,21.17989515,72.87771692,11.997
41,RANDER GAAM,21.218675,72.795963,7,HANSA KOSAD DEPOT,21.25819505,72.84828542,11.153
41,RANDER GAAM,21.218675,72.795963,8,HANSA PUNA DEPOT,21.21509807,72.88120791,13.262
41,RANDER GAAM,21.218675,72.795963,9,VIP ROAD DEPOT,21.1378239,72.76298164,13.218
41,RANDER GAAM,21.218675,72.795963,10,BHESTAN GARDEN,21.12488142,72.85197601,15.17
42,SURAT AIRPORT,21.123688,72.738732,1,PAL DEPOT,21.18460797,72.7903654,10.128
42,SURAT AIRPORT,21.123688,72.738732,2,KOSAD DEPOT,21.24719502,72.8535517,20.081
42,SURAT AIRPORT,21.123688,72.738732,3,LP SAWANI DEPOT,21.20103798,72.77570871,11.321
42,SURAT AIRPORT,21.123688,72.738732,4,OLECTRA PALANPUR DEPOT,21.20455967,72.77474436,11.657
42,SURAT AIRPORT,21.123688,72.738732,5,OLECTRA ALTHAN DEPOT,21.15078778,72.80946108,9.09
42,SURAT AIRPORT,21.123688,72.738732,6,GREENCELL MAGOB DEPOT,21.17989515,72.87771692,19.638
42,SURAT AIRPORT,21.123688,72.738732,7,HANSA KOSAD DEPOT,21.25819505,72.84828542,21.406
42,SURAT AIRPORT,21.123688,72.738732,8,HANSA PUNA DEPOT,21.21509807,72.88120791,20.902
42,SURAT AIRPORT,21.123688,72.738732,9,VIP ROAD DEPOT,21.1378239,72.76298164,3.615
42,SURAT AIRPORT,21.123688,72.738732,10,BHESTAN GARDEN,21.12488142,72.85197601,14.276
43,KAVI SHREE AMRUT GHAYAL SCHOOL VARIAV,21.260465,72.820787,1,PAL DEPOT,21.18460797,72.7903654,14.32
43,KAVI SHREE AMRUT GHAYAL SCHOOL VARIAV,21.260465,72.820787,2,KOSAD DEPOT,21.24719502,72.8535517,5.579
43,KAVI SHREE AMRUT GHAYAL SCHOOL VARIAV,21.260465,72.820787,3,LP SAWANI DEPOT,21.20103798,72.77570871,10.532
43,KAVI SHREE AMRUT GHAYAL SCHOOL VARIAV,21.260465,72.820787,4,OLECTRA PALANPUR DEPOT,21.20455967,72.77474436,9.851
43,KAVI SHREE AMRUT GHAYAL SCHOOL VARIAV,21.260465,72.820787,5,OLECTRA ALTHAN DEPOT,21.15078778,72.80946108,17.314
43,KAVI SHREE AMRUT GHAYAL SCHOOL VARIAV,21.260465,72.820787,6,GREENCELL MAGOB DEPOT,21.17989515,72.87771692,17.806
43,KAVI SHREE AMRUT GHAYAL SCHOOL VARIAV,21.260465,72.820787,7,HANSA KOSAD DEPOT,21.25819505,72.84828542,4.081
43,KAVI SHREE AMRUT GHAYAL SCHOOL VARIAV,21.260465,72.820787,8,HANSA PUNA DEPOT,21.21509807,72.88120791,12.335
43,KAVI SHREE AMRUT GHAYAL SCHOOL VARIAV,21.260465,72.820787,9,VIP ROAD DEPOT,21.1378239,72.76298164,20.016
43,KAVI SHREE AMRUT GHAYAL SCHOOL VARIAV,21.260465,72.820787,10,BHESTAN GARDEN,21.12488142,72.85197601,22.412
44,GREEN CITY BHATHA,21.188631,72.765808,1,PAL DEPOT,21.18460797,72.7903654,4.066
44,GREEN CITY BHATHA,21.188631,72.765808,2,KOSAD DEPOT,21.24719502,72.8535517,14.4
44,GREEN CITY BHATHA,21.188631,72.765808,3,LP SAWANI DEPOT,21.20103798,72.77570871,2.486
44,GREEN CITY BHATHA,21.188631,72.765808,4,OLECTRA PALANPUR DEPOT,21.20455967,72.77474436,3.382
44,GREEN CITY BHATHA,21.188631,72.765808,5,OLECTRA ALTHAN DEPOT,21.15078778,72.80946108,12.025
44,GREEN CITY BHATHA,21.188631,72.765808,6,GREENCELL MAGOB DEPOT,21.17989515,72.87771692,15.959
44,GREEN CITY BHATHA,21.188631,72.765808,7,HANSA KOSAD DEPOT,21.25819505,72.84828542,15.725
44,GREEN CITY BHATHA,21.188631,72.765808,8,HANSA PUNA DEPOT,21.21509807,72.88120791,17.224
44,GREEN CITY BHATHA,21.188631,72.765808,9,VIP ROAD DEPOT,21.1378239,72.76298164,9.834
44,GREEN CITY BHATHA,21.188631,72.765808,10,BHESTAN GARDEN,21.12488142,72.85197601,16.679
45,UMRA HEALTH CENTRE,21.171952,72.779688,1,PAL DEPOT,21.18460797,72.7903654,2.624
45,UMRA HEALTH CENTRE,21.171952,72.779688,2,KOSAD DEPOT,21.24719502,72.8535517,12.957
45,UMRA HEALTH CENTRE,21.171952,72.779688,3,LP SAWANI DEPOT,21.20103798,72.77570871,3.816
45,UMRA HEALTH CENTRE,21.171952,72.779688,4,OLECTRA PALANPUR DEPOT,21.20455967,72.77474436,4.152
45,UMRA HEALTH CENTRE,21.171952,72.779688,5,OLECTRA ALTHAN DEPOT,21.15078778,72.80946108,5.974
45,UMRA HEALTH CENTRE,21.171952,72.779688,6,GREENCELL MAGOB DEPOT,21.17989515,72.87771692,13.221
45,UMRA HEALTH CENTRE,21.171952,72.779688,7,HANSA KOSAD DEPOT,21.25819505,72.84828542,14.282
45,UMRA HEALTH CENTRE,21.171952,72.779688,8,HANSA PUNA DEPOT,21.21509807,72.88120791,14.486
45,UMRA HEALTH CENTRE,21.171952,72.779688,9,VIP ROAD DEPOT,21.1378239,72.76298164,5.991
45,UMRA HEALTH CENTRE,21.171952,72.779688,10,BHESTAN GARDEN,21.12488142,72.85197601,13.941
46,KAPODARA,21.219189,72.875916,1,PAL DEPOT,21.18460797,72.7903654,15.353
46,KAPODARA,21.219189,72.875916,2,KOSAD DEPOT,21.24719502,72.8535517,7.277
46,KAPODARA,21.219189,72.875916,3,LP SAWANI DEPOT,21.20103798,72.77570871,14.96
46,KAPODARA,21.219189,72.875916,4,OLECTRA PALANPUR DEPOT,21.20455967,72.77474436,13.521
46,KAPODARA,21.219189,72.875916,5,OLECTRA ALTHAN DEPOT,21.15078778,72.80946108,13.051
46,KAPODARA,21.219189,72.875916,6,GREENCELL MAGOB DEPOT,21.17989515,72.87771692,5.967
46,KAPODARA,21.219189,72.875916,7,HANSA KOSAD DEPOT,21.25819505,72.84828542,8.602
46,KAPODARA,21.219189,72.875916,8,HANSA PUNA DEPOT,21.21509807,72.88120791,1.397
46,KAPODARA,21.219189,72.875916,9,VIP ROAD DEPOT,21.1378239,72.76298164,18.13
46,KAPODARA,21.219189,72.875916,10,BHESTAN GARDEN,21.12488142,72.85197601,13.468
47,MAKKAIPOOL TERMINAL,21.192449,72.81622,1,PAL DEPOT,21.18460797,72.7903654,5.655
47,MAKKAIPOOL TERMINAL,21.192449,72.81622,2,KOSAD DEPOT,21.24719502,72.8535517,9.512
47,MAKKAIPOOL TERMINAL,21.192449,72.81622,3,LP SAWANI DEPOT,21.20103798,72.77570871,5.305
47,MAKKAIPOOL TERMINAL,21.192449,72.81622,4,OLECTRA PALANPUR DEPOT,21.20455967,72.77474436,5.64
47,MAKKAIPOOL TERMINAL,21.192449,72.81622,5,OLECTRA ALTHAN DEPOT,21.15078778,72.80946108,7.116
47,MAKKAIPOOL TERMINAL,21.192449,72.81622,6,GREENCELL MAGOB DEPOT,21.17989515,72.87771692,10.391
47,MAKKAIPOOL TERMINAL,21.192449,72.81622,7,HANSA KOSAD DEPOT,21.25819505,72.84828542,10.837
47,MAKKAIPOOL TERMINAL,21.192449,72.81622,8,HANSA PUNA DEPOT,21.21509807,72.88120791,11.656
47,MAKKAIPOOL TERMINAL,21.192449,72.81622,9,VIP ROAD DEPOT,21.1378239,72.76298164,11.351
47,MAKKAIPOOL TERMINAL,21.192449,72.81622,10,BHESTAN GARDEN,21.12488142,72.85197601,11.105
48,SMC NORTH ZONE,21.231699,72.838223,1,PAL DEPOT,21.18460797,72.7903654,10.708
48,SMC NORTH ZONE,21.231699,72.838223,2,KOSAD DEPOT,21.24719502,72.8535517,3.088
48,SMC NORTH ZONE,21.231699,72.838223,3,LP SAWANI DEPOT,21.20103798,72.77570871,10.069
48,SMC NORTH ZONE,21.231699,72.838223,4,OLECTRA PALANPUR DEPOT,21.20455967,72.77474436,10.568
48,SMC NORTH ZONE,21.231699,72.838223,5,OLECTRA ALTHAN DEPOT,21.15078778,72.80946108,13.228
48,SMC NORTH ZONE,21.231699,72.838223,6,GREENCELL MAGOB DEPOT,21.17989515,72.87771692,10.605
48,SMC NORTH ZONE,21.231699,72.838223,7,HANSA KOSAD DEPOT,21.25819505,72.84828542,4.413
48,SMC NORTH ZONE,21.231699,72.838223,8,HANSA PUNA DEPOT,21.21509807,72.88120791,6.635
48,SMC NORTH ZONE,21.231699,72.838223,9,VIP ROAD DEPOT,21.1378239,72.76298164,16.404
48,SMC NORTH ZONE,21.231699,72.838223,10,BHESTAN GARDEN,21.12488142,72.85197601,15.211
49,RAJ EMPIRE GODADARA,21.174978,72.872079,1,PAL DEPOT,21.18460797,72.7903654,15.035
49,RAJ EMPIRE GODADARA,21.174978,72.872079,2,KOSAD DEPOT,21.24719502,72.8535517,13.527
49,RAJ EMPIRE GODADARA,21.174978,72.872079,3,LP SAWANI DEPOT,21.20103798,72.77570871,14.642
49,RAJ EMPIRE GODADARA,21.174978,72.872079,4,OLECTRA PALANPUR DEPOT,21.20455967,72.77474436,14.978
49,RAJ EMPIRE GODADARA,21.174978,72.872079,5,OLECTRA ALTHAN DEPOT,21.15078778,72.80946108,10.986
49,RAJ EMPIRE GODADARA,21.174978,72.872079,6,GREENCELL MAGOB DEPOT,21.17989515,72.87771692,2.421
49,RAJ EMPIRE GODADARA,21.174978,72.872079,7,HANSA KOSAD DEPOT,21.25819505,72.84828542,14.853
49,RAJ EMPIRE GODADARA,21.174978,72.872079,8,HANSA PUNA DEPOT,21.21509807,72.88120791,6.209
49,RAJ EMPIRE GODADARA,21.174978,72.872079,9,VIP ROAD DEPOT,21.1378239,72.76298164,15.127
49,RAJ EMPIRE GODADARA,21.174978,72.872079,10,BHESTAN GARDEN,21.12488142,72.85197601,7.681
50,CHOWK,21.193478,72.817846,1,PAL DEPOT,21.18460797,72.7903654,5.98
50,CHOWK,21.193478,72.817846,2,KOSAD DEPOT,21.24719502,72.8535517,9.363
50,CHOWK,21.193478,72.817846,3,LP SAWANI DEPOT,21.20103798,72.77570871,5.63
50,CHOWK,21.193478,72.817846,4,OLECTRA PALANPUR DEPOT,21.20455967,72.77474436,5.966
50,CHOWK,21.193478,72.817846,5,OLECTRA ALTHAN DEPOT,21.15078778,72.80946108,5.641
50,CHOWK,21.193478,72.817846,6,GREENCELL MAGOB DEPOT,21.17989515,72.87771692,8.916
50,CHOWK,21.193478,72.817846,7,HANSA KOSAD DEPOT,21.25819505,72.84828542,10.688
50,CHOWK,21.193478,72.817846,8,HANSA PUNA DEPOT,21.21509807,72.88120791,10.181
50,CHOWK,21.193478,72.817846,9,VIP ROAD DEPOT,21.1378239,72.76298164,9.918
50,CHOWK,21.193478,72.817846,10,BHESTAN GARDEN,21.12488142,72.85197601,9.63
51,GABHENI GAAM,21.086595,72.828711,1,PAL DEPOT,21.18460797,72.7903654,19.691
51,GABHENI GAAM,21.086595,72.828711,2,KOSAD DEPOT,21.24719502,72.8535517,23.244
51,GABHENI GAAM,21.086595,72.828711,3,LP SAWANI DEPOT,21.20103798,72.77570871,19.772
51,GABHENI GAAM,21.086595,72.828711,4,OLECTRA PALANPUR DEPOT,21.20455967,72.77474436,20.108
51,GABHENI GAAM,21.086595,72.828711,5,OLECTRA ALTHAN DEPOT,21.15078778,72.80946108,12.81
51,GABHENI GAAM,21.086595,72.828711,6,GREENCELL MAGOB DEPOT,21.17989515,72.87771692,14.926
51,GABHENI GAAM,21.086595,72.828711,7,HANSA KOSAD DEPOT,21.25819505,72.84828542,24.569
51,GABHENI GAAM,21.086595,72.828711,8,HANSA PUNA DEPOT,21.21509807,72.88120791,18.714
51,GABHENI GAAM,21.086595,72.828711,9,VIP ROAD DEPOT,21.1378239,72.76298164,15.95
51,GABHENI GAAM,21.086595,72.828711,10,BHESTAN GARDEN,21.12488142,72.85197601,6.757
52,LAJPORE JAIL,21.073492,72.889242,1,PAL DEPOT,21.18460797,72.7903654,29.639
52,LAJPORE JAIL,21.073492,72.889242,2,KOSAD DEPOT,21.24719502,72.8535517,32.163
52,LAJPORE JAIL,21.073492,72.889242,3,LP SAWANI DEPOT,21.20103798,72.77570871,29.246
52,LAJPORE JAIL,21.073492,72.889242,4,OLECTRA PALANPUR DEPOT,21.20455967,72.77474436,29.582
52,LAJPORE JAIL,21.073492,72.889242,5,OLECTRA ALTHAN DEPOT,21.15078778,72.80946108,20.661
52,LAJPORE JAIL,21.073492,72.889242,6,GREENCELL MAGOB DEPOT,21.17989515,72.87771692,20.526
52,LAJPORE JAIL,21.073492,72.889242,7,HANSA KOSAD DEPOT,21.25819505,72.84828542,33.488
52,LAJPORE JAIL,21.073492,72.889242,8,HANSA PUNA DEPOT,21.21509807,72.88120791,24.315
52,LAJPORE JAIL,21.073492,72.889242,9,VIP ROAD DEPOT,21.1378239,72.76298164,23.802
52,LAJPORE JAIL,21.073492,72.889242,10,BHESTAN GARDEN,21.12488142,72.85197601,11.846
53,UNN INDUSTRIAL ESTATE,21.115826,72.859686,1,PAL DEPOT,21.18460797,72.7903654,15.944
53,UNN INDUSTRIAL ESTATE,21.115826,72.859686,2,KOSAD DEPOT,21.24719502,72.8535517,18.468
53,UNN INDUSTRIAL ESTATE,21.115826,72.859686,3,LP SAWANI DEPOT,21.20103798,72.77570871,15.55
53,UNN INDUSTRIAL ESTATE,21.115826,72.859686,4,OLECTRA PALANPUR DEPOT,21.20455967,72.77474436,15.886
53,UNN INDUSTRIAL ESTATE,21.115826,72.859686,5,OLECTRA ALTHAN DEPOT,21.15078778,72.80946108,9.715
53,UNN INDUSTRIAL ESTATE,21.115826,72.859686,6,GREENCELL MAGOB DEPOT,21.17989515,72.87771692,10.149
53,UNN INDUSTRIAL ESTATE,21.115826,72.859686,7,HANSA KOSAD DEPOT,21.25819505,72.84828542,19.793
53,UNN INDUSTRIAL ESTATE,21.115826,72.859686,8,HANSA PUNA DEPOT,21.21509807,72.88120791,13.937
53,UNN INDUSTRIAL ESTATE,21.115826,72.859686,9,VIP ROAD DEPOT,21.1378239,72.76298164,14.448
53,UNN INDUSTRIAL ESTATE,21.115826,72.859686,10,BHESTAN GARDEN,21.12488142,72.85197601,1.981
54,DUMAS LANGAR,21.084347,72.719351,1,PAL DEPOT,21.18460797,72.7903654,14.899
54,DUMAS LANGAR,21.084347,72.719351,2,KOSAD DEPOT,21.24719502,72.8535517,24.852
54,DUMAS LANGAR,21.084347,72.719351,3,LP SAWANI DEPOT,21.20103798,72.77570871,16.092
54,DUMAS LANGAR,21.084347,72.719351,4,OLECTRA PALANPUR DEPOT,21.20455967,72.77474436,16.428
54,DUMAS LANGAR,21.084347,72.719351,5,OLECTRA ALTHAN DEPOT,21.15078778,72.80946108,13.861
54,DUMAS LANGAR,21.084347,72.719351,6,GREENCELL MAGOB DEPOT,21.17989515,72.87771692,24.409
54,DUMAS LANGAR,21.084347,72.719351,7,HANSA KOSAD DEPOT,21.25819505,72.84828542,26.177
54,DUMAS LANGAR,21.084347,72.719351,8,HANSA PUNA DEPOT,21.21509807,72.88120791,25.673
54,DUMAS LANGAR,21.084347,72.719351,9,VIP ROAD DEPOT,21.1378239,72.76298164,8.386
54,DUMAS LANGAR,21.084347,72.719351,10,BHESTAN GARDEN,21.12488142,72.85197601,19.047
55,VAISHNODEVI SKY D,21.241879,72.773521,1,PAL DEPOT,21.18460797,72.7903654,8.374
55,VAISHNODEVI SKY D,21.241879,72.773521,2,KOSAD DEPOT,21.24719502,72.8535517,11.738
55,VAISHNODEVI SKY D,21.241879,72.773521,3,LP SAWANI DEPOT,21.20103798,72.77570871,6.168
55,VAISHNODEVI SKY D,21.241879,72.773521,4,OLECTRA PALANPUR DEPOT,21.20455967,72.77474436,4.956
55,VAISHNODEVI SKY D,21.241879,72.773521,5,OLECTRA ALTHAN DEPOT,21.15078778,72.80946108,14.074
55,VAISHNODEVI SKY D,21.241879,72.773521,6,GREENCELL MAGOB DEPOT,21.17989515,72.87771692,16.833
55,VAISHNODEVI SKY D,21.241879,72.773521,7,HANSA KOSAD DEPOT,21.25819505,72.84828542,11.478
55,VAISHNODEVI SKY D,21.241879,72.773521,8,HANSA PUNA DEPOT,21.21509807,72.88120791,15.285
55,VAISHNODEVI SKY D,21.241879,72.773521,9,VIP ROAD DEPOT,21.1378239,72.76298164,14.786
55,VAISHNODEVI SKY D,21.241879,72.773521,10,BHESTAN GARDEN,21.12488142,72.85197601,18.728
56,DR S.P MUKHER BRID,21.233518,72.804304,1,PAL DEPOT,21.18460797,72.7903654,10.196
56,DR S.P MUKHER BRID,21.233518,72.804304,2,KOSAD DEPOT,21.24719502,72.8535517,6.671
56,DR S.P MUKHER BRID,21.233518,72.804304,3,LP SAWANI DEPOT,21.20103798,72.77570871,6.408
56,DR S.P MUKHER BRID,21.233518,72.804304,4,OLECTRA PALANPUR DEPOT,21.20455967,72.77474436,6.109
56,DR S.P MUKHER BRID,21.233518,72.804304,5,OLECTRA ALTHAN DEPOT,21.15078778,72.80946108,13.191
56,DR S.P MUKHER BRID,21.233518,72.804304,6,GREENCELL MAGOB DEPOT,21.17989515,72.87771692,12.474
56,DR S.P MUKHER BRID,21.233518,72.804304,7,HANSA KOSAD DEPOT,21.25819505,72.84828542,7.996
56,DR S.P MUKHER BRID,21.233518,72.804304,8,HANSA PUNA DEPOT,21.21509807,72.88120791,10.218
56,DR S.P MUKHER BRID,21.233518,72.804304,9,VIP ROAD DEPOT,21.1378239,72.76298164,15.892
56,DR S.P MUKHER BRID,21.233518,72.804304,10,BHESTAN GARDEN,21.12488142,72.85197601,15.362
57,variav gaam,21.259901,72.817796,1,PAL DEPOT,21.18460797,72.7903654,13.787
57,variav gaam,21.259901,72.817796,2,KOSAD DEPOT,21.24719502,72.8535517,5.952
57,variav gaam,21.259901,72.817796,3,LP SAWANI DEPOT,21.20103798,72.77570871,9.999
57,variav gaam,21.259901,72.817796,4,OLECTRA PALANPUR DEPOT,21.20455967,72.77474436,9.318
57,variav gaam,21.259901,72.817796,5,OLECTRA ALTHAN DEPOT,21.15078778,72.80946108,16.781
57,variav gaam,21.259901,72.817796,6,GREENCELL MAGOB DEPOT,21.17989515,72.87771692,18.178
57,variav gaam,21.259901,72.817796,7,HANSA KOSAD DEPOT,21.25819505,72.84828542,4.454
57,variav gaam,21.259901,72.817796,8,HANSA PUNA DEPOT,21.21509807,72.88120791,12.707
57,variav gaam,21.259901,72.817796,9,VIP ROAD DEPOT,21.1378239,72.76298164,19.483
57,variav gaam,21.259901,72.817796,10,BHESTAN GARDEN,21.12488142,72.85197601,22.784
58,PURUSHOTTAM NAGAR ,21.233469,72.905706,1,PAL DEPOT,21.18460797,72.7903654,18.955
58,PURUSHOTTAM NAGAR ,21.233469,72.905706,2,KOSAD DEPOT,21.24719502,72.8535517,9.046
58,PURUSHOTTAM NAGAR ,21.233469,72.905706,3,LP SAWANI DEPOT,21.20103798,72.77570871,18.561
58,PURUSHOTTAM NAGAR ,21.233469,72.905706,4,OLECTRA PALANPUR DEPOT,21.20455967,72.77474436,17.189
58,PURUSHOTTAM NAGAR ,21.233469,72.905706,5,OLECTRA ALTHAN DEPOT,21.15078778,72.80946108,16.653
58,PURUSHOTTAM NAGAR ,21.233469,72.905706,6,GREENCELL MAGOB DEPOT,21.17989515,72.87771692,9.252
58,PURUSHOTTAM NAGAR ,21.233469,72.905706,7,HANSA KOSAD DEPOT,21.25819505,72.84828542,10.372
58,PURUSHOTTAM NAGAR ,21.233469,72.905706,8,HANSA PUNA DEPOT,21.21509807,72.88120791,4.111
58,PURUSHOTTAM NAGAR ,21.233469,72.905706,9,VIP ROAD DEPOT,21.1378239,72.76298164,21.732
58,PURUSHOTTAM NAGAR ,21.233469,72.905706,10,BHESTAN GARDEN,21.12488142,72.85197601,16.753
59,BHIMPORE,21.080944,72.723869,1,PAL DEPOT,21.18460797,72.7903654,15.504
59,BHIMPORE,21.080944,72.723869,2,KOSAD DEPOT,21.24719502,72.8535517,25.457
59,BHIMPORE,21.080944,72.723869,3,LP SAWANI DEPOT,21.20103798,72.77570871,16.696
59,BHIMPORE,21.080944,72.723869,4,OLECTRA PALANPUR DEPOT,21.20455967,72.77474436,17.032
59,BHIMPORE,21.080944,72.723869,5,OLECTRA ALTHAN DEPOT,21.15078778,72.80946108,14.466
59,BHIMPORE,21.080944,72.723869,6,GREENCELL MAGOB DEPOT,21.17989515,72.87771692,25.013
59,BHIMPORE,21.080944,72.723869,7,HANSA KOSAD DEPOT,21.25819505,72.84828542,26.782
59,BHIMPORE,21.080944,72.723869,8,HANSA PUNA DEPOT,21.21509807,72.88120791,26.278
59,BHIMPORE,21.080944,72.723869,9,VIP ROAD DEPOT,21.1378239,72.76298164,8.991
59,BHIMPORE,21.080944,72.723869,10,BHESTAN GARDEN,21.12488142,72.85197601,19.651
60,BHESAN GAAM,21.215558,72.754277,1,PAL DEPOT,21.18460797,72.7903654,7.669
60,BHESAN GAAM,21.215558,72.754277,2,KOSAD DEPOT,21.24719502,72.8535517,12.754
60,BHESAN GAAM,21.215558,72.754277,3,LP SAWANI DEPOT,21.20103798,72.77570871,4.231
60,BHESAN GAAM,21.215558,72.754277,4,OLECTRA PALANPUR DEPOT,21.20455967,72.77474436,4.015
60,BHESAN GAAM,21.215558,72.754277,5,OLECTRA ALTHAN DEPOT,21.15078778,72.80946108,13.931
60,BHESAN GAAM,21.215558,72.754277,6,GREENCELL MAGOB DEPOT,21.17989515,72.87771692,17.864
60,BHESAN GAAM,21.215558,72.754277,7,HANSA KOSAD DEPOT,21.25819505,72.84828542,14.08
60,BHESAN GAAM,21.215558,72.754277,8,HANSA PUNA DEPOT,21.21509807,72.88120791,19.129
60,BHESAN GAAM,21.215558,72.754277,9,VIP ROAD DEPOT,21.1378239,72.76298164,13.436
60,BHESAN GAAM,21.215558,72.754277,10,BHESTAN GARDEN,21.12488142,72.85197601,18.584
61,MAKKAI POOL U,21.192293,72.815777,1,PAL DEPOT,21.18460797,72.7903654,5.79
61,MAKKAI POOL U,21.192293,72.815777,2,KOSAD DEPOT,21.24719502,72.8535517,9.647
61,MAKKAI POOL U,21.192293,72.815777,3,LP SAWANI DEPOT,21.20103798,72.77570871,5.44
61,MAKKAI POOL U,21.192293,72.815777,4,OLECTRA PALANPUR DEPOT,21.20455967,72.77474436,5.776
61,MAKKAI POOL U,21.192293,72.815777,5,OLECTRA ALTHAN DEPOT,21.15078778,72.80946108,5.664
61,MAKKAI POOL U,21.192293,72.815777,6,GREENCELL MAGOB DEPOT,21.17989515,72.87771692,8.939
61,MAKKAI POOL U,21.192293,72.815777,7,HANSA KOSAD DEPOT,21.25819505,72.84828542,10.972
61,MAKKAI POOL U,21.192293,72.815777,8,HANSA PUNA DEPOT,21.21509807,72.88120791,10.204
61,MAKKAI POOL U,21.192293,72.815777,9,VIP ROAD DEPOT,21.1378239,72.76298164,9.942
61,MAKKAI POOL U,21.192293,72.815777,10,BHESTAN GARDEN,21.12488142,72.85197601,9.653
62,SARVODAY VIDHYALAY SEGVACHHAMA,21.220116,72.739943,1,PAL DEPOT,21.18460797,72.7903654,9.378
62,SARVODAY VIDHYALAY SEGVACHHAMA,21.220116,72.739943,2,KOSAD DEPOT,21.24719502,72.8535517,14.463
62,SARVODAY VIDHYALAY SEGVACHHAMA,21.220116,72.739943,3,LP SAWANI DEPOT,21.20103798,72.77570871,5.94
62,SARVODAY VIDHYALAY SEGVACHHAMA,21.220116,72.739943,4,OLECTRA PALANPUR DEPOT,21.20455967,72.77474436,5.723
62,SARVODAY VIDHYALAY SEGVACHHAMA,21.220116,72.739943,5,OLECTRA ALTHAN DEPOT,21.15078778,72.80946108,15.639
62,SARVODAY VIDHYALAY SEGVACHHAMA,21.220116,72.739943,6,GREENCELL MAGOB DEPOT,21.17989515,72.87771692,19.573
62,SARVODAY VIDHYALAY SEGVACHHAMA,21.220116,72.739943,7,HANSA KOSAD DEPOT,21.25819505,72.84828542,15.788
62,SARVODAY VIDHYALAY SEGVACHHAMA,21.220116,72.739943,8,HANSA PUNA DEPOT,21.21509807,72.88120791,20.837
62,SARVODAY VIDHYALAY SEGVACHHAMA,21.220116,72.739943,9,VIP ROAD DEPOT,21.1378239,72.76298164,15.145
62,SARVODAY VIDHYALAY SEGVACHHAMA,21.220116,72.739943,10,BHESTAN GARDEN,21.12488142,72.85197601,20.293
63,V.N.S.G. UNIVERSITY,21.155067,72.783131,1,PAL DEPOT,21.18460797,72.7903654,5.562
63,V.N.S.G. UNIVERSITY,21.155067,72.783131,2,KOSAD DEPOT,21.24719502,72.8535517,16.409
63,V.N.S.G. UNIVERSITY,21.155067,72.783131,3,LP SAWANI DEPOT,21.20103798,72.77570871,6.755
63,V.N.S.G. UNIVERSITY,21.155067,72.783131,4,OLECTRA PALANPUR DEPOT,21.20455967,72.77474436,7.091
63,V.N.S.G. UNIVERSITY,21.155067,72.783131,5,OLECTRA ALTHAN DEPOT,21.15078778,72.80946108,3.916
63,V.N.S.G. UNIVERSITY,21.155067,72.783131,6,GREENCELL MAGOB DEPOT,21.17989515,72.87771692,13.051
63,V.N.S.G. UNIVERSITY,21.155067,72.783131,7,HANSA KOSAD DEPOT,21.25819505,72.84828542,17.734
63,V.N.S.G. UNIVERSITY,21.155067,72.783131,8,HANSA PUNA DEPOT,21.21509807,72.88120791,14.316
63,V.N.S.G. UNIVERSITY,21.155067,72.783131,9,VIP ROAD DEPOT,21.1378239,72.76298164,4.204
63,V.N.S.G. UNIVERSITY,21.155067,72.783131,10,BHESTAN GARDEN,21.12488142,72.85197601,11.742
64,SUMAN DARSHAN,21.223193,72.808139,1,PAL DEPOT,21.18460797,72.7903654,10.059
64,SUMAN DARSHAN,21.223193,72.808139,2,KOSAD DEPOT,21.24719502,72.8535517,7.096
64,SUMAN DARSHAN,21.223193,72.808139,3,LP SAWANI DEPOT,21.20103798,72.77570871,7.787
64,SUMAN DARSHAN,21.223193,72.808139,4,OLECTRA PALANPUR DEPOT,21.20455967,72.77474436,7.488
64,SUMAN DARSHAN,21.223193,72.808139,5,OLECTRA ALTHAN DEPOT,21.15078778,72.80946108,10.975
64,SUMAN DARSHAN,21.223193,72.808139,6,GREENCELL MAGOB DEPOT,21.17989515,72.87771692,10.831
64,SUMAN DARSHAN,21.223193,72.808139,7,HANSA KOSAD DEPOT,21.25819505,72.84828542,8.421
64,SUMAN DARSHAN,21.223193,72.808139,8,HANSA PUNA DEPOT,21.21509807,72.88120791,10.193
64,SUMAN DARSHAN,21.223193,72.808139,9,VIP ROAD DEPOT,21.1378239,72.76298164,15.755
64,SUMAN DARSHAN,21.223193,72.808139,10,BHESTAN GARDEN,21.12488142,72.85197601,13.719
65,MANGAL PANDEY HALL GODADARA,21.166307,72.870658,1,PAL DEPOT,21.18460797,72.7903654,13.44
65,MANGAL PANDEY HALL GODADARA,21.166307,72.870658,2,KOSAD DEPOT,21.24719502,72.8535517,13.897
65,MANGAL PANDEY HALL GODADARA,21.166307,72.870658,3,LP SAWANI DEPOT,21.20103798,72.77570871,13.047
65,MANGAL PANDEY HALL GODADARA,21.166307,72.870658,4,OLECTRA PALANPUR DEPOT,21.20455967,72.77474436,13.383
65,MANGAL PANDEY HALL GODADARA,21.166307,72.870658,5,OLECTRA ALTHAN DEPOT,21.15078778,72.80946108,10.518
65,MANGAL PANDEY HALL GODADARA,21.166307,72.870658,6,GREENCELL MAGOB DEPOT,21.17989515,72.87771692,2.791
65,MANGAL PANDEY HALL GODADARA,21.166307,72.870658,7,HANSA KOSAD DEPOT,21.25819505,72.84828542,15.222
65,MANGAL PANDEY HALL GODADARA,21.166307,72.870658,8,HANSA PUNA DEPOT,21.21509807,72.88120791,6.579
65,MANGAL PANDEY HALL GODADARA,21.166307,72.870658,9,VIP ROAD DEPOT,21.1378239,72.76298164,14.659
65,MANGAL PANDEY HALL GODADARA,21.166307,72.870658,10,BHESTAN GARDEN,21.12488142,72.85197601,7.213
66,DABHOLI GAAM APPROACH,21.236603,72.807822,1,PAL DEPOT,21.18460797,72.7903654,10.812
66,DABHOLI GAAM APPROACH,21.236603,72.807822,2,KOSAD DEPOT,21.24719502,72.8535517,6.575
66,DABHOLI GAAM APPROACH,21.236603,72.807822,3,LP SAWANI DEPOT,21.20103798,72.77570871,7.025
66,DABHOLI GAAM APPROACH,21.236603,72.807822,4,OLECTRA PALANPUR DEPOT,21.20455967,72.77474436,6.726
66,DABHOLI GAAM APPROACH,21.236603,72.807822,5,OLECTRA ALTHAN DEPOT,21.15078778,72.80946108,12.522
66,DABHOLI GAAM APPROACH,21.236603,72.807822,6,GREENCELL MAGOB DEPOT,21.17989515,72.87771692,12.378
66,DABHOLI GAAM APPROACH,21.236603,72.807822,7,HANSA KOSAD DEPOT,21.25819505,72.84828542,7.9
66,DABHOLI GAAM APPROACH,21.236603,72.807822,8,HANSA PUNA DEPOT,21.21509807,72.88120791,10.122
66,DABHOLI GAAM APPROACH,21.236603,72.807822,9,VIP ROAD DEPOT,21.1378239,72.76298164,16.508
66,DABHOLI GAAM APPROACH,21.236603,72.807822,10,BHESTAN GARDEN,21.12488142,72.85197601,15.266
67,KHARWARNAGAR BRT,21.177901,72.834178,1,PAL DEPOT,21.18460797,72.7903654,8.275
67,KHARWARNAGAR BRT,21.177901,72.834178,2,KOSAD DEPOT,21.24719502,72.8535517,10.799
67,KHARWARNAGAR BRT,21.177901,72.834178,3,LP SAWANI DEPOT,21.20103798,72.77570871,7.882
67,KHARWARNAGAR BRT,21.177901,72.834178,4,OLECTRA PALANPUR DEPOT,21.20455967,72.77474436,8.218
67,KHARWARNAGAR BRT,21.177901,72.834178,5,OLECTRA ALTHAN DEPOT,21.15078778,72.80946108,5.973
67,KHARWARNAGAR BRT,21.177901,72.834178,6,GREENCELL MAGOB DEPOT,21.17989515,72.87771692,7.441
67,KHARWARNAGAR BRT,21.177901,72.834178,7,HANSA KOSAD DEPOT,21.25819505,72.84828542,12.124
67,KHARWARNAGAR BRT,21.177901,72.834178,8,HANSA PUNA DEPOT,21.21509807,72.88120791,8.706
67,KHARWARNAGAR BRT,21.177901,72.834178,9,VIP ROAD DEPOT,21.1378239,72.76298164,11.053
67,KHARWARNAGAR BRT,21.177901,72.834178,10,BHESTAN GARDEN,21.12488142,72.85197601,8.155
68,BHESTAN GARDEN TERMINAL,21.125847,72.85233,1,PAL DEPOT,21.18460797,72.7903654,15.275
68,BHESTAN GARDEN TERMINAL,21.125847,72.85233,2,KOSAD DEPOT,21.24719502,72.8535517,17.799
68,BHESTAN GARDEN TERMINAL,21.125847,72.85233,3,LP SAWANI DEPOT,21.20103798,72.77570871,14.882
68,BHESTAN GARDEN TERMINAL,21.125847,72.85233,4,OLECTRA PALANPUR DEPOT,21.20455967,72.77474436,15.217
68,BHESTAN GARDEN TERMINAL,21.125847,72.85233,5,OLECTRA ALTHAN DEPOT,21.15078778,72.80946108,9.046
68,BHESTAN GARDEN TERMINAL,21.125847,72.85233,6,GREENCELL MAGOB DEPOT,21.17989515,72.87771692,9.481
68,BHESTAN GARDEN TERMINAL,21.125847,72.85233,7,HANSA KOSAD DEPOT,21.25819505,72.84828542,19.124
68,BHESTAN GARDEN TERMINAL,21.125847,72.85233,8,HANSA PUNA DEPOT,21.21509807,72.88120791,13.269
68,BHESTAN GARDEN TERMINAL,21.125847,72.85233,9,VIP ROAD DEPOT,21.1378239,72.76298164,13.032
68,BHESTAN GARDEN TERMINAL,21.125847,72.85233,10,BHESTAN GARDEN,21.12488142,72.85197601,0.116
69,VINDESHWAR MAHADEV TEMPLE,21.137532,72.817753,1,PAL DEPOT,21.18460797,72.7903654,10.444
69,VINDESHWAR MAHADEV TEMPLE,21.137532,72.817753,2,KOSAD DEPOT,21.24719502,72.8535517,18.18
69,VINDESHWAR MAHADEV TEMPLE,21.137532,72.817753,3,LP SAWANI DEPOT,21.20103798,72.77570871,10.524
69,VINDESHWAR MAHADEV TEMPLE,21.137532,72.817753,4,OLECTRA PALANPUR DEPOT,21.20455967,72.77474436,10.86
69,VINDESHWAR MAHADEV TEMPLE,21.137532,72.817753,5,OLECTRA ALTHAN DEPOT,21.15078778,72.80946108,3.642
69,VINDESHWAR MAHADEV TEMPLE,21.137532,72.817753,6,GREENCELL MAGOB DEPOT,21.17989515,72.87771692,10.128
69,VINDESHWAR MAHADEV TEMPLE,21.137532,72.817753,7,HANSA KOSAD DEPOT,21.25819505,72.84828542,19.506
69,VINDESHWAR MAHADEV TEMPLE,21.137532,72.817753,8,HANSA PUNA DEPOT,21.21509807,72.88120791,16.087
69,VINDESHWAR MAHADEV TEMPLE,21.137532,72.817753,9,VIP ROAD DEPOT,21.1378239,72.76298164,6.982
69,VINDESHWAR MAHADEV TEMPLE,21.137532,72.817753,10,BHESTAN GARDEN,21.12488142,72.85197601,5.746
70,UTRAN RAILWAY STATION,21.232961,72.853939,1,PAL DEPOT,21.18460797,72.7903654,12.368
70,UTRAN RAILWAY STATION,21.232961,72.853939,2,KOSAD DEPOT,21.24719502,72.8535517,2.225
70,UTRAN RAILWAY STATION,21.232961,72.853939,3,LP SAWANI DEPOT,21.20103798,72.77570871,11.729
70,UTRAN RAILWAY STATION,21.232961,72.853939,4,OLECTRA PALANPUR DEPOT,21.20455967,72.77474436,12.228
70,UTRAN RAILWAY STATION,21.232961,72.853939,5,OLECTRA ALTHAN DEPOT,21.15078778,72.80946108,14.888
70,UTRAN RAILWAY STATION,21.232961,72.853939,6,GREENCELL MAGOB DEPOT,21.17989515,72.87771692,8.578
70,UTRAN RAILWAY STATION,21.232961,72.853939,7,HANSA KOSAD DEPOT,21.25819505,72.84828542,3.67
70,UTRAN RAILWAY STATION,21.232961,72.853939,8,HANSA PUNA DEPOT,21.21509807,72.88120791,5.865
70,UTRAN RAILWAY STATION,21.232961,72.853939,9,VIP ROAD DEPOT,21.1378239,72.76298164,18.064
70,UTRAN RAILWAY STATION,21.232961,72.853939,10,BHESTAN GARDEN,21.12488142,72.85197601,16.87
71,MAGOB GAM,21.19016,72.868282,1,PAL DEPOT,21.18460797,72.7903654,12.243
71,MAGOB GAM,21.19016,72.868282,2,KOSAD DEPOT,21.24719502,72.8535517,10.736
71,MAGOB GAM,21.19016,72.868282,3,LP SAWANI DEPOT,21.20103798,72.77570871,11.85
71,MAGOB GAM,21.19016,72.868282,4,OLECTRA PALANPUR DEPOT,21.20455967,72.77474436,12.186
71,MAGOB GAM,21.19016,72.868282,5,OLECTRA ALTHAN DEPOT,21.15078778,72.80946108,9.941
71,MAGOB GAM,21.19016,72.868282,6,GREENCELL MAGOB DEPOT,21.17989515,72.87771692,2.005
71,MAGOB GAM,21.19016,72.868282,7,HANSA KOSAD DEPOT,21.25819505,72.84828542,12.061
71,MAGOB GAM,21.19016,72.868282,8,HANSA PUNA DEPOT,21.21509807,72.88120791,3.719
71,MAGOB GAM,21.19016,72.868282,9,VIP ROAD DEPOT,21.1378239,72.76298164,15.021
71,MAGOB GAM,21.19016,72.868282,10,BHESTAN GARDEN,21.12488142,72.85197601,9.506
72,SMC WARD OFFICE LIMBAYAT,21.165783,72.857522,1,PAL DEPOT,21.18460797,72.7903654,11.767
72,SMC WARD OFFICE LIMBAYAT,21.165783,72.857522,2,KOSAD DEPOT,21.24719502,72.8535517,12.926
72,SMC WARD OFFICE LIMBAYAT,21.165783,72.857522,3,LP SAWANI DEPOT,21.20103798,72.77570871,11.374
72,SMC WARD OFFICE LIMBAYAT,21.165783,72.857522,4,OLECTRA PALANPUR DEPOT,21.20455967,72.77474436,11.71
72,SMC WARD OFFICE LIMBAYAT,21.165783,72.857522,5,OLECTRA ALTHAN DEPOT,21.15078778,72.80946108,8.201
72,SMC WARD OFFICE LIMBAYAT,21.165783,72.857522,6,GREENCELL MAGOB DEPOT,21.17989515,72.87771692,3.37
72,SMC WARD OFFICE LIMBAYAT,21.165783,72.857522,7,HANSA KOSAD DEPOT,21.25819505,72.84828542,14.252
72,SMC WARD OFFICE LIMBAYAT,21.165783,72.857522,8,HANSA PUNA DEPOT,21.21509807,72.88120791,7.158
72,SMC WARD OFFICE LIMBAYAT,21.165783,72.857522,9,VIP ROAD DEPOT,21.1378239,72.76298164,13.994
72,SMC WARD OFFICE LIMBAYAT,21.165783,72.857522,10,BHESTAN GARDEN,21.12488142,72.85197601,7.991
73,ROYAL TOWNSHIP,21.246464,72.909711,1,PAL DEPOT,21.18460797,72.7903654,20.556
73,ROYAL TOWNSHIP,21.246464,72.909711,2,KOSAD DEPOT,21.24719502,72.8535517,8.696
73,ROYAL TOWNSHIP,21.246464,72.909711,3,LP SAWANI DEPOT,21.20103798,72.77570871,20.162
73,ROYAL TOWNSHIP,21.246464,72.909711,4,OLECTRA PALANPUR DEPOT,21.20455967,72.77474436,18.79
73,ROYAL TOWNSHIP,21.246464,72.909711,5,OLECTRA ALTHAN DEPOT,21.15078778,72.80946108,18.254
73,ROYAL TOWNSHIP,21.246464,72.909711,6,GREENCELL MAGOB DEPOT,21.17989515,72.87771692,10.853
73,ROYAL TOWNSHIP,21.246464,72.909711,7,HANSA KOSAD DEPOT,21.25819505,72.84828542,8.616
73,ROYAL TOWNSHIP,21.246464,72.909711,8,HANSA PUNA DEPOT,21.21509807,72.88120791,5.712
73,ROYAL TOWNSHIP,21.246464,72.909711,9,VIP ROAD DEPOT,21.1378239,72.76298164,23.333
73,ROYAL TOWNSHIP,21.246464,72.909711,10,BHESTAN GARDEN,21.12488142,72.85197601,18.354
74,UTRAN LAKE GARDEN,21.23088,72.85648,1,PAL DEPOT,21.18460797,72.7903654,14.753
74,UTRAN LAKE GARDEN,21.23088,72.85648,2,KOSAD DEPOT,21.24719502,72.8535517,4.319
74,UTRAN LAKE GARDEN,21.23088,72.85648,3,LP SAWANI DEPOT,21.20103798,72.77570871,14.114
74,UTRAN LAKE GARDEN,21.23088,72.85648,4,OLECTRA PALANPUR DEPOT,21.20455967,72.77474436,14.613
74,UTRAN LAKE GARDEN,21.23088,72.85648,5,OLECTRA ALTHAN DEPOT,21.15078778,72.80946108,17.273
74,UTRAN LAKE GARDEN,21.23088,72.85648,6,GREENCELL MAGOB DEPOT,21.17989515,72.87771692,7.734
74,UTRAN LAKE GARDEN,21.23088,72.85648,7,HANSA KOSAD DEPOT,21.25819505,72.84828542,5.644
74,UTRAN LAKE GARDEN,21.23088,72.85648,8,HANSA PUNA DEPOT,21.21509807,72.88120791,5.02
74,UTRAN LAKE GARDEN,21.23088,72.85648,9,VIP ROAD DEPOT,21.1378239,72.76298164,20.449
74,UTRAN LAKE GARDEN,21.23088,72.85648,10,BHESTAN GARDEN,21.12488142,72.85197601,15.235
75,AMEZIA AMUZEMENT PARK,21.192617,72.86656,1,PAL DEPOT,21.18460797,72.7903654,12.143
75,AMEZIA AMUZEMENT PARK,21.192617,72.86656,2,KOSAD DEPOT,21.24719502,72.8535517,10.636
75,AMEZIA AMUZEMENT PARK,21.192617,72.86656,3,LP SAWANI DEPOT,21.20103798,72.77570871,11.75
75,AMEZIA AMUZEMENT PARK,21.192617,72.86656,4,OLECTRA PALANPUR DEPOT,21.20455967,72.77474436,12.086
75,AMEZIA AMUZEMENT PARK,21.192617,72.86656,5,OLECTRA ALTHAN DEPOT,21.15078778,72.80946108,9.841
75,AMEZIA AMUZEMENT PARK,21.192617,72.86656,6,GREENCELL MAGOB DEPOT,21.17989515,72.87771692,2.851
75,AMEZIA AMUZEMENT PARK,21.192617,72.86656,7,HANSA KOSAD DEPOT,21.25819505,72.84828542,11.961
75,AMEZIA AMUZEMENT PARK,21.192617,72.86656,8,HANSA PUNA DEPOT,21.21509807,72.88120791,4.318
75,AMEZIA AMUZEMENT PARK,21.192617,72.86656,9,VIP ROAD DEPOT,21.1378239,72.76298164,14.921
75,AMEZIA AMUZEMENT PARK,21.192617,72.86656,10,BHESTAN GARDEN,21.12488142,72.85197601,10.352
76,BAMROLI,21.1389,72.8262,1,PAL DEPOT,21.18460797,72.7903654,11.996
76,BAMROLI,21.1389,72.8262,2,KOSAD DEPOT,21.24719502,72.8535517,17.385
76,BAMROLI,21.1389,72.8262,3,LP SAWANI DEPOT,21.20103798,72.77570871,11.484
76,BAMROLI,21.1389,72.8262,4,OLECTRA PALANPUR DEPOT,21.20455967,72.77474436,11.82
76,BAMROLI,21.1389,72.8262,5,OLECTRA ALTHAN DEPOT,21.15078778,72.80946108,4.696
76,BAMROLI,21.1389,72.8262,6,GREENCELL MAGOB DEPOT,21.17989515,72.87771692,9.284
76,BAMROLI,21.1389,72.8262,7,HANSA KOSAD DEPOT,21.25819505,72.84828542,18.71
76,BAMROLI,21.1389,72.8262,8,HANSA PUNA DEPOT,21.21509807,72.88120791,13.072
76,BAMROLI,21.1389,72.8262,9,VIP ROAD DEPOT,21.1378239,72.76298164,7.942
76,BAMROLI,21.1389,72.8262,10,BHESTAN GARDEN,21.12488142,72.85197601,4.903
77,BUDIYA GAAM U,21.101126,72.819533,1,PAL DEPOT,21.18460797,72.7903654,15.651
77,BUDIYA GAAM U,21.101126,72.819533,2,KOSAD DEPOT,21.24719502,72.8535517,22.066
77,BUDIYA GAAM U,21.101126,72.819533,3,LP SAWANI DEPOT,21.20103798,72.77570871,15.731
77,BUDIYA GAAM U,21.101126,72.819533,4,OLECTRA PALANPUR DEPOT,21.20455967,72.77474436,16.067
77,BUDIYA GAAM U,21.101126,72.819533,5,OLECTRA ALTHAN DEPOT,21.15078778,72.80946108,8.769
77,BUDIYA GAAM U,21.101126,72.819533,6,GREENCELL MAGOB DEPOT,21.17989515,72.87771692,13.748
77,BUDIYA GAAM U,21.101126,72.819533,7,HANSA KOSAD DEPOT,21.25819505,72.84828542,23.391
77,BUDIYA GAAM U,21.101126,72.819533,8,HANSA PUNA DEPOT,21.21509807,72.88120791,17.536
77,BUDIYA GAAM U,21.101126,72.819533,9,VIP ROAD DEPOT,21.1378239,72.76298164,11.91
77,BUDIYA GAAM U,21.101126,72.819533,10,BHESTAN GARDEN,21.12488142,72.85197601,5.187
78,BUDIYA GAAM D,21.112388,72.829215,1,PAL DEPOT,21.18460797,72.7903654,14.101
78,BUDIYA GAAM D,21.112388,72.829215,2,KOSAD DEPOT,21.24719502,72.8535517,20.516
78,BUDIYA GAAM D,21.112388,72.829215,3,LP SAWANI DEPOT,21.20103798,72.77570871,14.182
78,BUDIYA GAAM D,21.112388,72.829215,4,OLECTRA PALANPUR DEPOT,21.20455967,72.77474436,14.518
78,BUDIYA GAAM D,21.112388,72.829215,5,OLECTRA ALTHAN DEPOT,21.15078778,72.80946108,7.22
78,BUDIYA GAAM D,21.112388,72.829215,6,GREENCELL MAGOB DEPOT,21.17989515,72.87771692,12.198
78,BUDIYA GAAM D,21.112388,72.829215,7,HANSA KOSAD DEPOT,21.25819505,72.84828542,21.842
78,BUDIYA GAAM D,21.112388,72.829215,8,HANSA PUNA DEPOT,21.21509807,72.88120791,15.986
78,BUDIYA GAAM D,21.112388,72.829215,9,VIP ROAD DEPOT,21.1378239,72.76298164,10.36
78,BUDIYA GAAM D,21.112388,72.829215,10,BHESTAN GARDEN,21.12488142,72.85197601,3.637
79,BUDIYA GAAM CHOKDI,21.112388,72.829215,1,PAL DEPOT,21.18460797,72.7903654,14.101
79,BUDIYA GAAM CHOKDI,21.112388,72.829215,2,KOSAD DEPOT,21.24719502,72.8535517,20.516
79,BUDIYA GAAM CHOKDI,21.112388,72.829215,3,LP SAWANI DEPOT,21.20103798,72.77570871,14.182
79,BUDIYA GAAM CHOKDI,21.112388,72.829215,4,OLECTRA PALANPUR DEPOT,21.20455967,72.77474436,14.518
79,BUDIYA GAAM CHOKDI,21.112388,72.829215,5,OLECTRA ALTHAN DEPOT,21.15078778,72.80946108,7.22
79,BUDIYA GAAM CHOKDI,21.112388,72.829215,6,GREENCELL MAGOB DEPOT,21.17989515,72.87771692,12.198
79,BUDIYA GAAM CHOKDI,21.112388,72.829215,7,HANSA KOSAD DEPOT,21.25819505,72.84828542,21.842
79,BUDIYA GAAM CHOKDI,21.112388,72.829215,8,HANSA PUNA DEPOT,21.21509807,72.88120791,15.986
79,BUDIYA GAAM CHOKDI,21.112388,72.829215,9,VIP ROAD DEPOT,21.1378239,72.76298164,10.36
79,BUDIYA GAAM CHOKDI,21.112388,72.829215,10,BHESTAN GARDEN,21.12488142,72.85197601,3.637
80,SUNRISE VIDYALAY DINDOLI,21.158775,72.878728,1,PAL DEPOT,21.18460797,72.7903654,14.748
80,SUNRISE VIDYALAY DINDOLI,21.158775,72.878728,2,KOSAD DEPOT,21.24719502,72.8535517,17.272
80,SUNRISE VIDYALAY DINDOLI,21.158775,72.878728,3,LP SAWANI DEPOT,21.20103798,72.77570871,14.355
80,SUNRISE VIDYALAY DINDOLI,21.158775,72.878728,4,OLECTRA PALANPUR DEPOT,21.20455967,72.77474436,14.691
80,SUNRISE VIDYALAY DINDOLI,21.158775,72.878728,5,OLECTRA ALTHAN DEPOT,21.15078778,72.80946108,10.278
80,SUNRISE VIDYALAY DINDOLI,21.158775,72.878728,6,GREENCELL MAGOB DEPOT,21.17989515,72.87771692,5.636
80,SUNRISE VIDYALAY DINDOLI,21.158775,72.878728,7,HANSA KOSAD DEPOT,21.25819505,72.84828542,18.598
80,SUNRISE VIDYALAY DINDOLI,21.158775,72.878728,8,HANSA PUNA DEPOT,21.21509807,72.88120791,9.424
80,SUNRISE VIDYALAY DINDOLI,21.158775,72.878728,9,VIP ROAD DEPOT,21.1378239,72.76298164,14.418
80,SUNRISE VIDYALAY DINDOLI,21.158775,72.878728,10,BHESTAN GARDEN,21.12488142,72.85197601,6.972
81,VESU GAAM,21.142237,72.777551,1,PAL DEPOT,21.18460797,72.7903654,7.605
81,VESU GAAM,21.142237,72.777551,2,KOSAD DEPOT,21.24719502,72.8535517,18.076
81,VESU GAAM,21.142237,72.777551,3,LP SAWANI DEPOT,21.20103798,72.77570871,9.33
81,VESU GAAM,21.142237,72.777551,4,OLECTRA PALANPUR DEPOT,21.20455967,72.77474436,9.666
81,VESU GAAM,21.142237,72.777551,5,OLECTRA ALTHAN DEPOT,21.15078778,72.80946108,3.998
81,VESU GAAM,21.142237,72.777551,6,GREENCELL MAGOB DEPOT,21.17989515,72.87771692,14.718
81,VESU GAAM,21.142237,72.777551,7,HANSA KOSAD DEPOT,21.25819505,72.84828542,19.401
81,VESU GAAM,21.142237,72.777551,8,HANSA PUNA DEPOT,21.21509807,72.88120791,15.983
81,VESU GAAM,21.142237,72.777551,9,VIP ROAD DEPOT,21.1378239,72.76298164,3.061
81,VESU GAAM,21.142237,72.777551,10,BHESTAN GARDEN,21.12488142,72.85197601,10.745
82,ADAJAN G.S.R.T.C.,21.198617,72.808339,1,PAL DEPOT,21.18460797,72.7903654,5.069
82,ADAJAN G.S.R.T.C.,21.198617,72.808339,2,KOSAD DEPOT,21.24719502,72.8535517,8.382
82,ADAJAN G.S.R.T.C.,21.198617,72.808339,3,LP SAWANI DEPOT,21.20103798,72.77570871,4.43
82,ADAJAN G.S.R.T.C.,21.198617,72.808339,4,OLECTRA PALANPUR DEPOT,21.20455967,72.77474436,4.929
82,ADAJAN G.S.R.T.C.,21.198617,72.808339,5,OLECTRA ALTHAN DEPOT,21.15078778,72.80946108,6.932
82,ADAJAN G.S.R.T.C.,21.198617,72.808339,6,GREENCELL MAGOB DEPOT,21.17989515,72.87771692,8.676
82,ADAJAN G.S.R.T.C.,21.198617,72.808339,7,HANSA KOSAD DEPOT,21.25819505,72.84828542,9.708
82,ADAJAN G.S.R.T.C.,21.198617,72.808339,8,HANSA PUNA DEPOT,21.21509807,72.88120791,9.941
82,ADAJAN G.S.R.T.C.,21.198617,72.808339,9,VIP ROAD DEPOT,21.1378239,72.76298164,10.765
82,ADAJAN G.S.R.T.C.,21.198617,72.808339,10,BHESTAN GARDEN,21.12488142,72.85197601,10.921
83,PAL PATIYA,21.183238,72.779908,1,PAL DEPOT,21.18460797,72.7903654,1.563
83,PAL PATIYA,21.183238,72.779908,2,KOSAD DEPOT,21.24719502,72.8535517,11.897
83,PAL PATIYA,21.183238,72.779908,3,LP SAWANI DEPOT,21.20103798,72.77570871,2.276
83,PAL PATIYA,21.183238,72.779908,4,OLECTRA PALANPUR DEPOT,21.20455967,72.77474436,2.612
83,PAL PATIYA,21.183238,72.779908,5,OLECTRA ALTHAN DEPOT,21.15078778,72.80946108,9.522
83,PAL PATIYA,21.183238,72.779908,6,GREENCELL MAGOB DEPOT,21.17989515,72.87771692,13.456
83,PAL PATIYA,21.183238,72.779908,7,HANSA KOSAD DEPOT,21.25819505,72.84828542,13.222
83,PAL PATIYA,21.183238,72.779908,8,HANSA PUNA DEPOT,21.21509807,72.88120791,14.721
83,PAL PATIYA,21.183238,72.779908,9,VIP ROAD DEPOT,21.1378239,72.76298164,7.331
83,PAL PATIYA,21.183238,72.779908,10,BHESTAN GARDEN,21.12488142,72.85197601,14.176
84,MORA CHAR RASTA,21.178537,72.659226,1,PAL DEPOT,21.18460797,72.7903654,14.77
84,MORA CHAR RASTA,21.178537,72.659226,2,KOSAD DEPOT,21.24719502,72.8535517,25.104
84,MORA CHAR RASTA,21.178537,72.659226,3,LP SAWANI DEPOT,21.20103798,72.77570871,15.615
84,MORA CHAR RASTA,21.178537,72.659226,4,OLECTRA PALANPUR DEPOT,21.20455967,72.77474436,16.299
84,MORA CHAR RASTA,21.178537,72.659226,5,OLECTRA ALTHAN DEPOT,21.15078778,72.80946108,20.133
84,MORA CHAR RASTA,21.178537,72.659226,6,GREENCELL MAGOB DEPOT,21.17989515,72.87771692,26.662
84,MORA CHAR RASTA,21.178537,72.659226,7,HANSA KOSAD DEPOT,21.25819505,72.84828542,26.429
84,MORA CHAR RASTA,21.178537,72.659226,8,HANSA PUNA DEPOT,21.21509807,72.88120791,27.927
84,MORA CHAR RASTA,21.178537,72.659226,9,VIP ROAD DEPOT,21.1378239,72.76298164,14.658
84,MORA CHAR RASTA,21.178537,72.659226,10,BHESTAN GARDEN,21.12488142,72.85197601,25.324
85,SAI PUJAN RESIDENCY,21.242961,72.784667,1,PAL DEPOT,21.18460797,72.7903654,8.368
85,SAI PUJAN RESIDENCY,21.242961,72.784667,2,KOSAD DEPOT,21.24719502,72.8535517,9.431
85,SAI PUJAN RESIDENCY,21.242961,72.784667,3,LP SAWANI DEPOT,21.20103798,72.77570871,6.162
85,SAI PUJAN RESIDENCY,21.242961,72.784667,4,OLECTRA PALANPUR DEPOT,21.20455967,72.77474436,5.003
85,SAI PUJAN RESIDENCY,21.242961,72.784667,5,OLECTRA ALTHAN DEPOT,21.15078778,72.80946108,13.415
85,SAI PUJAN RESIDENCY,21.242961,72.784667,6,GREENCELL MAGOB DEPOT,21.17989515,72.87771692,15.235
85,SAI PUJAN RESIDENCY,21.242961,72.784667,7,HANSA KOSAD DEPOT,21.25819505,72.84828542,9.442
85,SAI PUJAN RESIDENCY,21.242961,72.784667,8,HANSA PUNA DEPOT,21.21509807,72.88120791,12.978
85,SAI PUJAN RESIDENCY,21.242961,72.784667,9,VIP ROAD DEPOT,21.1378239,72.76298164,16.117
85,SAI PUJAN RESIDENCY,21.242961,72.784667,10,BHESTAN GARDEN,21.12488142,72.85197601,18.069
86,GAIL INDIA LTD VIP ROAD D,21.136884,72.758699,1,PAL DEPOT,21.18460797,72.7903654,8.253
86,GAIL INDIA LTD VIP ROAD D,21.136884,72.758699,2,KOSAD DEPOT,21.24719502,72.8535517,20.009
86,GAIL INDIA LTD VIP ROAD D,21.136884,72.758699,3,LP SAWANI DEPOT,21.20103798,72.77570871,9.445
86,GAIL INDIA LTD VIP ROAD D,21.136884,72.758699,4,OLECTRA PALANPUR DEPOT,21.20455967,72.77474436,9.781
86,GAIL INDIA LTD VIP ROAD D,21.136884,72.758699,5,OLECTRA ALTHAN DEPOT,21.15078778,72.80946108,5.931
86,GAIL INDIA LTD VIP ROAD D,21.136884,72.758699,6,GREENCELL MAGOB DEPOT,21.17989515,72.87771692,16.651
86,GAIL INDIA LTD VIP ROAD D,21.136884,72.758699,7,HANSA KOSAD DEPOT,21.25819505,72.84828542,21.334
86,GAIL INDIA LTD VIP ROAD D,21.136884,72.758699,8,HANSA PUNA DEPOT,21.21509807,72.88120791,17.916
86,GAIL INDIA LTD VIP ROAD D,21.136884,72.758699,9,VIP ROAD DEPOT,21.1378239,72.76298164,0.456
86,GAIL INDIA LTD VIP ROAD D,21.136884,72.758699,10,BHESTAN GARDEN,21.12488142,72.85197601,12.389
87,SHREE GYANJYOT VIDHYALAY,21.236575,72.938701,1,PAL DEPOT,21.18460797,72.7903654,22.458
87,SHREE GYANJYOT VIDHYALAY,21.236575,72.938701,2,KOSAD DEPOT,21.24719502,72.8535517,11.343
87,SHREE GYANJYOT VIDHYALAY,21.236575,72.938701,3,LP SAWANI DEPOT,21.20103798,72.77570871,22.064
87,SHREE GYANJYOT VIDHYALAY,21.236575,72.938701,4,OLECTRA PALANPUR DEPOT,21.20455967,72.77474436,22.4
87,SHREE GYANJYOT VIDHYALAY,21.236575,72.938701,5,OLECTRA ALTHAN DEPOT,21.15078778,72.80946108,20.156
87,SHREE GYANJYOT VIDHYALAY,21.236575,72.938701,6,GREENCELL MAGOB DEPOT,21.17989515,72.87771692,12.245
87,SHREE GYANJYOT VIDHYALAY,21.236575,72.938701,7,HANSA KOSAD DEPOT,21.25819505,72.84828542,11.263
87,SHREE GYANJYOT VIDHYALAY,21.236575,72.938701,8,HANSA PUNA DEPOT,21.21509807,72.88120791,7.323
87,SHREE GYANJYOT VIDHYALAY,21.236575,72.938701,9,VIP ROAD DEPOT,21.1378239,72.76298164,25.235
87,SHREE GYANJYOT VIDHYALAY,21.236575,72.938701,10,BHESTAN GARDEN,21.12488142,72.85197601,19.746
88,SATYAM RESIDENCY PUNA GAAM,21.214186,72.881542,1,PAL DEPOT,21.18460797,72.7903654,15.471
88,SATYAM RESIDENCY PUNA GAAM,21.214186,72.881542,2,KOSAD DEPOT,21.24719502,72.8535517,8.568
88,SATYAM RESIDENCY PUNA GAAM,21.214186,72.881542,3,LP SAWANI DEPOT,21.20103798,72.77570871,15.077
88,SATYAM RESIDENCY PUNA GAAM,21.214186,72.881542,4,OLECTRA PALANPUR DEPOT,21.20455967,72.77474436,15.413
88,SATYAM RESIDENCY PUNA GAAM,21.214186,72.881542,5,OLECTRA ALTHAN DEPOT,21.15078778,72.80946108,13.169
88,SATYAM RESIDENCY PUNA GAAM,21.214186,72.881542,6,GREENCELL MAGOB DEPOT,21.17989515,72.87771692,5.257
88,SATYAM RESIDENCY PUNA GAAM,21.214186,72.881542,7,HANSA KOSAD DEPOT,21.25819505,72.84828542,9.893
88,SATYAM RESIDENCY PUNA GAAM,21.214186,72.881542,8,HANSA PUNA DEPOT,21.21509807,72.88120791,0.391
88,SATYAM RESIDENCY PUNA GAAM,21.214186,72.881542,9,VIP ROAD DEPOT,21.1378239,72.76298164,18.248
88,SATYAM RESIDENCY PUNA GAAM,21.214186,72.881542,10,BHESTAN GARDEN,21.12488142,72.85197601,12.758
